subject_id,subject_label,subject_uri,subject_category,relation_id,relation_label,relation_uri,object_id,object_label,object_uri,object_category,reference_id_list
FlyBase:FBal0231851,Appl[KK102543],http://flybase.org/reports/FBal0231851,genotype,RO:0003301,has role in modeling,http://purl.obolibrary.org/obo/RO_0003301,MONDO:0007088,Alzheimer disease type 1,http://purl.obolibrary.org/obo/MONDO_0007088,disease,PMID:31965876
WormBase:WBGene00019613,K10B4.1,https://www.wormbase.org/get?name=WBGene00019613,gene,RO:0002434,interacts with,http://purl.obolibrary.org/obo/RO_0002434,WormBase:WBGene00017968,skpo-3,https://www.wormbase.org/get?name=WBGene00017968,gene,NA
WormBase:WBGene00016700,C46A5.4,https://www.wormbase.org/get?name=WBGene00016700,gene,RO:0002434,interacts with,http://purl.obolibrary.org/obo/RO_0002434,WormBase:WBGene00009897,skpo-1,https://www.wormbase.org/get?name=WBGene00009897,gene,NA
MONDO:0007088,Alzheimer disease type 1,http://purl.obolibrary.org/obo/MONDO_0007088,disease,RO:0002200,has phenotype,http://purl.obolibrary.org/obo/RO_0002200,HP:0001300,Parkinsonism,http://purl.obolibrary.org/obo/HP_0001300,phenotype,MONDO:0007088
HGNC:620,APP,https://www.genenames.org/data/gene-symbol-report/#!/hgnc_id/HGNC:620,gene,RO:HOM0000017,in orthology relationship with,http://purl.obolibrary.org/obo/RO_HOM0000017,WormBase:WBGene00000149,apl-1,https://www.wormbase.org/get?name=WBGene00000149,gene,NA
WormBase:WBGene00016700,C46A5.4,https://www.wormbase.org/get?name=WBGene00016700,gene,RO:0002434,interacts with,http://purl.obolibrary.org/obo/RO_0002434,WormBase:WBGene00017968,skpo-3,https://www.wormbase.org/get?name=WBGene00017968,gene,NA
WormBase:WBGene00022743,mlt-7,https://www.wormbase.org/get?name=WBGene00022743,gene,RO:0002434,interacts with,http://purl.obolibrary.org/obo/RO_0002434,WormBase:WBGene00015841,skpo-2,https://www.wormbase.org/get?name=WBGene00015841,gene,NA
WormBase:WBGene00016700,C46A5.4,https://www.wormbase.org/get?name=WBGene00016700,gene,RO:0002434,interacts with,http://purl.obolibrary.org/obo/RO_0002434,WormBase:WBGene00019613,K10B4.1,https://www.wormbase.org/get?name=WBGene00019613,gene,NA
MONDO:0007088,Alzheimer disease type 1,http://purl.obolibrary.org/obo/MONDO_0007088,disease,RO:0002331,involved_in,http://purl.obolibrary.org/obo/RO_0002331,REACT:R-HSA-445989,TAK1 activates NFkB by phosphorylation and activation of IKKs complex,http://www.reactome.org/PathwayBrowser/#/R-HSA-445989,pathway,NA
WormBase:WBGene00008627,hpx-2,https://www.wormbase.org/get?name=WBGene00008627,gene,RO:0002434,interacts with,http://purl.obolibrary.org/obo/RO_0002434,WormBase:WBGene00009897,skpo-1,https://www.wormbase.org/get?name=WBGene00009897,gene,NA
WormBase:WBGene00011530,T06D8.10,https://www.wormbase.org/get?name=WBGene00011530,gene,RO:0002434,interacts with,http://purl.obolibrary.org/obo/RO_0002434,WormBase:WBGene00009897,skpo-1,https://www.wormbase.org/get?name=WBGene00009897,gene,NA
dbSNPIndividual:18952,46;XY;46.XY [AG08554],http://www.ncbi.nlm.nih.gov/SNP/snp_ind.cgi?ind_id=18952,genotype,RO:0002200,has phenotype,http://purl.obolibrary.org/obo/RO_0002200,MONDO:0007088,Alzheimer disease type 1,http://purl.obolibrary.org/obo/MONDO_0007088,disease,NA
dbSNP:rs7412,rs7412-?,http://www.ncbi.nlm.nih.gov/projects/SNP/snp_ref.cgi?rs=rs7412,variant,RO:0002200,has phenotype,http://purl.obolibrary.org/obo/RO_0002200,MONDO:0007088,Alzheimer disease type 1,http://purl.obolibrary.org/obo/MONDO_0007088,disease,NA
HGNC:620,APP,https://www.genenames.org/data/gene-symbol-report/#!/hgnc_id/HGNC:620,gene,RO:0002331,involved_in,http://purl.obolibrary.org/obo/RO_0002331,REACT:R-HSA-879415,Advanced glycosylation endproduct receptor signaling,http://www.reactome.org/PathwayBrowser/#/R-HSA-879415,pathway,NA
WormBase:WBGene00019613,K10B4.1,https://www.wormbase.org/get?name=WBGene00019613,gene,RO:0002434,interacts with,http://purl.obolibrary.org/obo/RO_0002434,WormBase:WBGene00011530,T06D8.10,https://www.wormbase.org/get?name=WBGene00011530,gene,NA
dbSNPIndividual:10264,APOE;APOE(CYS112 AND ARG158;CYS112ARG); 46;XX [AG11757],http://www.ncbi.nlm.nih.gov/SNP/snp_ind.cgi?ind_id=10264,genotype,None,None,None,HGNC:613,APOE (human),https://www.genenames.org/data/gene-symbol-report/#!/hgnc_id/HGNC:613,gene,NA
ClinVarVariant:599628,NM_000021.4(PSEN1):c.1177G>T (p.Val393Phe),http://www.ncbi.nlm.nih.gov/clinvar/variation/599628,variant,GENO:0000841,likely_pathogenic_for_condition,http://purl.obolibrary.org/obo/GENO_0000841,MONDO:0007088,Alzheimer disease type 1,http://purl.obolibrary.org/obo/MONDO_0007088,disease,NA
HGNC:9052,PLAU,https://www.genenames.org/data/gene-symbol-report/#!/hgnc_id/HGNC:9052,gene,RO:0002326,contributes to,http://purl.obolibrary.org/obo/RO_0002326,MONDO:0007088,Alzheimer disease type 1,http://purl.obolibrary.org/obo/MONDO_0007088,disease,NA
HGNC:7876,NOS3,https://www.genenames.org/data/gene-symbol-report/#!/hgnc_id/HGNC:7876,gene,RO:0002326,contributes to,http://purl.obolibrary.org/obo/RO_0002326,MONDO:0007088,Alzheimer disease type 1,http://purl.obolibrary.org/obo/MONDO_0007088,disease,NA
dbSNP:rs429358,rs429358-C,http://www.ncbi.nlm.nih.gov/projects/SNP/snp_ref.cgi?rs=rs429358,variant,None,None,None,dbSNPIndividual:10205,APOE(CYS112 AND ARG158); 46;XX [AG09955],http://www.ncbi.nlm.nih.gov/SNP/snp_ind.cgi?ind_id=10205,genotype,NA
MONDO:0007088,Alzheimer disease type 1,http://purl.obolibrary.org/obo/MONDO_0007088,disease,RO:0002200,has phenotype,http://purl.obolibrary.org/obo/RO_0002200,HP:0002511,Alzheimer disease,http://purl.obolibrary.org/obo/HP_0002511,phenotype,MONDO:0007088
HGNC:620,APP,https://www.genenames.org/data/gene-symbol-report/#!/hgnc_id/HGNC:620,gene,RO:0002331,involved_in,http://purl.obolibrary.org/obo/RO_0002331,REACT:R-HSA-444473,Formyl peptide receptors bind formyl peptides and many other ligands,http://www.reactome.org/PathwayBrowser/#/R-HSA-444473,pathway,NA
ClinVarVariant:18088,NM_000484.4(APP):c.2149G>A (p.Val717Ile),http://www.ncbi.nlm.nih.gov/clinvar/variation/18088,variant,GENO:0000418,has_affected_feature,http://purl.obolibrary.org/obo/GENO_0000418,HGNC:620,APP,https://www.genenames.org/data/gene-symbol-report/#!/hgnc_id/HGNC:620,gene,NA
HGNC:620,APP,https://www.genenames.org/data/gene-symbol-report/#!/hgnc_id/HGNC:620,gene,RO:0002331,involved_in,http://purl.obolibrary.org/obo/RO_0002331,REACT:R-HSA-9660826,Purinergic signaling in leishmaniasis infection,http://www.reactome.org/PathwayBrowser/#/R-HSA-9660826,pathway,NA
ClinVarVariant:599608,NM_005211.3(CSF1R):c.2326C>T (p.His776Tyr),http://www.ncbi.nlm.nih.gov/clinvar/variation/599608,variant,GENO:0000841,likely_pathogenic_for_condition,http://purl.obolibrary.org/obo/GENO_0000841,MONDO:0007088,Alzheimer disease type 1,http://purl.obolibrary.org/obo/MONDO_0007088,disease,NA
dbSNPIndividual:10263,APOE(CYS112 AND ARG158); 45;X [AG11756],http://www.ncbi.nlm.nih.gov/SNP/snp_ind.cgi?ind_id=10263,genotype,None,None,None,HGNC:613,APOE (human),https://www.genenames.org/data/gene-symbol-report/#!/hgnc_id/HGNC:613,gene,NA
WormBase:WBGene00006620,svh-1,https://www.wormbase.org/get?name=WBGene00006620,gene,RO:0002434,interacts with,http://purl.obolibrary.org/obo/RO_0002434,WormBase:WBGene00000149,apl-1,https://www.wormbase.org/get?name=WBGene00000149,gene,NA
HGNC:620,APP,https://www.genenames.org/data/gene-symbol-report/#!/hgnc_id/HGNC:620,gene,RO:0002200,has phenotype,http://purl.obolibrary.org/obo/RO_0002200,HP:0410054,Decreased level of GABA in serum,http://purl.obolibrary.org/obo/HP_0410054,phenotype,PMID:17031479
MONDO:0007088,Alzheimer disease type 1,http://purl.obolibrary.org/obo/MONDO_0007088,disease,RO:0002331,involved_in,http://purl.obolibrary.org/obo/RO_0002331,REACT:R-HSA-933542,TRAF6 mediated NF-kB activation,http://www.reactome.org/PathwayBrowser/#/R-HSA-933542,pathway,NA
WormBase:WBGene00009897,skpo-1,https://www.wormbase.org/get?name=WBGene00009897,gene,RO:0002434,interacts with,http://purl.obolibrary.org/obo/RO_0002434,WormBase:WBGene00008627,hpx-2,https://www.wormbase.org/get?name=WBGene00008627,gene,NA
dbSNP:rs429358,rs429358-C,http://www.ncbi.nlm.nih.gov/projects/SNP/snp_ref.cgi?rs=rs429358,variant,None,None,None,dbSNPIndividual:10265,APOE(CYS112ARG); 46;XY [AG11758],http://www.ncbi.nlm.nih.gov/SNP/snp_ind.cgi?ind_id=10265,genotype,NA
ClinVarVariant:18089,NM_000484.4(APP):c.2149G>T (p.Val717Phe),http://www.ncbi.nlm.nih.gov/clinvar/variation/18089,variant,GENO:0000418,has_affected_feature,http://purl.obolibrary.org/obo/GENO_0000418,HGNC:620,APP,https://www.genenames.org/data/gene-symbol-report/#!/hgnc_id/HGNC:620,gene,NA
dbSNPIndividual:10277,APOE;APOE(CYS112 AND ARG158;CYS112ARG); 45;X/46;XX [AG12731],http://www.ncbi.nlm.nih.gov/SNP/snp_ind.cgi?ind_id=10277,genotype,None,None,None,HGNC:613,APOE (human),https://www.genenames.org/data/gene-symbol-report/#!/hgnc_id/HGNC:613,gene,NA
WormBase:WBGene00019970,R08F11.7,https://www.wormbase.org/get?name=WBGene00019970,gene,RO:0002434,interacts with,http://purl.obolibrary.org/obo/RO_0002434,WormBase:WBGene00011530,T06D8.10,https://www.wormbase.org/get?name=WBGene00011530,gene,NA
dbSNPIndividual:10224,APOE(CYS112ARG) [AG10956],http://www.ncbi.nlm.nih.gov/SNP/snp_ind.cgi?ind_id=10224,genotype,RO:0002200,has phenotype,http://purl.obolibrary.org/obo/RO_0002200,MONDO:0007088,Alzheimer disease type 1,http://purl.obolibrary.org/obo/MONDO_0007088,disease,NA
MONDO:0007088,Alzheimer disease type 1,http://purl.obolibrary.org/obo/MONDO_0007088,disease,RO:0002331,involved_in,http://purl.obolibrary.org/obo/RO_0002331,REACT:R-HSA-432720,Lysosome Vesicle Biogenesis,http://www.reactome.org/PathwayBrowser/#/R-HSA-432720,pathway,NA
HGNC:4886,HFE,https://www.genenames.org/data/gene-symbol-report/#!/hgnc_id/HGNC:4886,gene,RO:0002326,contributes to,http://purl.obolibrary.org/obo/RO_0002326,MONDO:0007088,Alzheimer disease type 1,http://purl.obolibrary.org/obo/MONDO_0007088,disease,NA
dbSNP:rs429358,rs429358-C,http://www.ncbi.nlm.nih.gov/projects/SNP/snp_ref.cgi?rs=rs429358,variant,None,None,None,dbSNPIndividual:10079,APOE;APOE(CYS112 AND ARG158;CYS112ARG); 45;X{6}/46;XY{86}/46;XY;del(11)(q2?){8};46;XY [AG04402],http://www.ncbi.nlm.nih.gov/SNP/snp_ind.cgi?ind_id=10079,genotype,NA
dbSNPIndividual:10208,APOE(CYS112 AND ARG158); 46;XX [AG10009],http://www.ncbi.nlm.nih.gov/SNP/snp_ind.cgi?ind_id=10208,genotype,RO:0002200,has phenotype,http://purl.obolibrary.org/obo/RO_0002200,MONDO:0007088,Alzheimer disease type 1,http://purl.obolibrary.org/obo/MONDO_0007088,disease,NA
HGNC:620,APP,https://www.genenames.org/data/gene-symbol-report/#!/hgnc_id/HGNC:620,gene,RO:0002200,has phenotype,http://purl.obolibrary.org/obo/RO_0002200,HP:0002511,Alzheimer disease,http://purl.obolibrary.org/obo/HP_0002511,phenotype,MONDO:0007088
dbSNPIndividual:10262,APOE;APOE(CYS112 AND ARG158;CYS112ARG); 46;XX [AG11755],http://www.ncbi.nlm.nih.gov/SNP/snp_ind.cgi?ind_id=10262,genotype,RO:0002200,has phenotype,http://purl.obolibrary.org/obo/RO_0002200,MONDO:0007088,Alzheimer disease type 1,http://purl.obolibrary.org/obo/MONDO_0007088,disease,NA
HGNC:620,APP,https://www.genenames.org/data/gene-symbol-report/#!/hgnc_id/HGNC:620,gene,RO:0002331,involved_in,http://purl.obolibrary.org/obo/RO_0002331,REACT:R-HSA-933542,TRAF6 mediated NF-kB activation,http://www.reactome.org/PathwayBrowser/#/R-HSA-933542,pathway,NA
ClinVarVariant:10,NM_139011.3(HFE):c.77-2168C>G,http://www.ncbi.nlm.nih.gov/clinvar/variation/10,variant,GENO:0000840,pathogenic_for_condition,http://purl.obolibrary.org/obo/GENO_0000840,MONDO:0007088,Alzheimer disease type 1,http://purl.obolibrary.org/obo/MONDO_0007088,disease,NA
HGNC:620,APP,https://www.genenames.org/data/gene-symbol-report/#!/hgnc_id/HGNC:620,gene,RO:0002200,has phenotype,http://purl.obolibrary.org/obo/RO_0002200,HP:0002423,Long-tract signs,http://purl.obolibrary.org/obo/HP_0002423,phenotype,MONDO:0007088
HGNC:7218,MPO (human),https://www.genenames.org/data/gene-symbol-report/#!/hgnc_id/HGNC:7218,gene,RO:HOM0000017,in orthology relationship with,http://purl.obolibrary.org/obo/RO_HOM0000017,WormBase:WBGene00015841,skpo-2,https://www.wormbase.org/get?name=WBGene00015841,gene,NA
WormBase:WBGene00015841,skpo-2,https://www.wormbase.org/get?name=WBGene00015841,gene,RO:0002434,interacts with,http://purl.obolibrary.org/obo/RO_0002434,WormBase:WBGene00019613,K10B4.1,https://www.wormbase.org/get?name=WBGene00019613,gene,NA
WormBase:WBGene00008627,hpx-2,https://www.wormbase.org/get?name=WBGene00008627,gene,RO:0002434,interacts with,http://purl.obolibrary.org/obo/RO_0002434,WormBase:WBGene00022743,mlt-7,https://www.wormbase.org/get?name=WBGene00022743,gene,NA
HGNC:613,APOE (human),https://www.genenames.org/data/gene-symbol-report/#!/hgnc_id/HGNC:613,gene,RO:0002434,interacts with,http://purl.obolibrary.org/obo/RO_0002434,HGNC:7,A2M,https://www.genenames.org/data/gene-symbol-report/#!/hgnc_id/HGNC:7,gene,PMID:9831625|PMID:21163940
WormBase:WBGene00022743,mlt-7,https://www.wormbase.org/get?name=WBGene00022743,gene,RO:0002434,interacts with,http://purl.obolibrary.org/obo/RO_0002434,WormBase:WBGene00011530,T06D8.10,https://www.wormbase.org/get?name=WBGene00011530,gene,NA
REACT:R-HSA-114608,Platelet degranulation,http://www.reactome.org/PathwayBrowser/#/R-HSA-114608,publication,dc:source,source,http://purl.org/dc/terms/source,HGNC:620,APP,https://www.genenames.org/data/gene-symbol-report/#!/hgnc_id/HGNC:620,gene,REACT:R-HSA-114608
WormBase:WBGene00022743,mlt-7,https://www.wormbase.org/get?name=WBGene00022743,gene,RO:0002434,interacts with,http://purl.obolibrary.org/obo/RO_0002434,WormBase:WBGene00017968,skpo-3,https://www.wormbase.org/get?name=WBGene00017968,gene,NA
dbSNPIndividual:20200,46;del(X)(q25?);Y;t(7;10)(7pter>7q22::10q11.2>10qter;10pter>10q11.2::7q22>7qter)[7]/46;XY;t(8;17)(8pter>8q13::17q23>17qter;17pter>17q23::8q13>8qter)[2]/46;XY[41];46;XY [AG11368],http://www.ncbi.nlm.nih.gov/SNP/snp_ind.cgi?ind_id=20200,genotype,RO:0002200,has phenotype,http://purl.obolibrary.org/obo/RO_0002200,MONDO:0007088,Alzheimer disease type 1,http://purl.obolibrary.org/obo/MONDO_0007088,disease,NA
WormBase:WBGene00008627,hpx-2,https://www.wormbase.org/get?name=WBGene00008627,gene,RO:0002434,interacts with,http://purl.obolibrary.org/obo/RO_0002434,WormBase:WBGene00015841,skpo-2,https://www.wormbase.org/get?name=WBGene00015841,gene,NA
WormBase:WBGene00009897,skpo-1,https://www.wormbase.org/get?name=WBGene00009897,genotype,RO:0003301,has role in modeling,http://purl.obolibrary.org/obo/RO_0003301,MONDO:0007088,Alzheimer disease type 1,http://purl.obolibrary.org/obo/MONDO_0007088,disease,PMID:19029536
dbSNP:rs429358,rs429358-C,http://www.ncbi.nlm.nih.gov/projects/SNP/snp_ref.cgi?rs=rs429358,variant,None,None,None,dbSNPIndividual:10248,APOE;APOE(CYS112 AND ARG158;CYS112ARG); 46;XY [AG11414],http://www.ncbi.nlm.nih.gov/SNP/snp_ind.cgi?ind_id=10248,genotype,NA
ClinVarVariant:18091,NM_000484.4(APP):c.2075C>G (p.Ala692Gly),http://www.ncbi.nlm.nih.gov/clinvar/variation/18091,variant,GENO:0000840,pathogenic_for_condition,http://purl.obolibrary.org/obo/GENO_0000840,MONDO:0007088,Alzheimer disease type 1,http://purl.obolibrary.org/obo/MONDO_0007088,disease,PMID:9848098|PMID:1303239|PMID:11311152|PMID:9754958
dbSNPIndividual:10262,APOE;APOE(CYS112 AND ARG158;CYS112ARG); 46;XX [AG11755],http://www.ncbi.nlm.nih.gov/SNP/snp_ind.cgi?ind_id=10262,genotype,None,None,None,HGNC:613,APOE (human),https://www.genenames.org/data/gene-symbol-report/#!/hgnc_id/HGNC:613,gene,NA
MONDO:0007088,Alzheimer disease type 1,http://purl.obolibrary.org/obo/MONDO_0007088,disease,RO:0002331,involved_in,http://purl.obolibrary.org/obo/RO_0002331,REACT:R-HSA-444473,Formyl peptide receptors bind formyl peptides and many other ligands,http://www.reactome.org/PathwayBrowser/#/R-HSA-444473,pathway,NA
MONDO:0007088,Alzheimer disease type 1,http://purl.obolibrary.org/obo/MONDO_0007088,disease,RO:0002331,involved_in,http://purl.obolibrary.org/obo/RO_0002331,REACT:R-HSA-9660826,Purinergic signaling in leishmaniasis infection,http://www.reactome.org/PathwayBrowser/#/R-HSA-9660826,pathway,NA
HGNC:7876,NOS3,https://www.genenames.org/data/gene-symbol-report/#!/hgnc_id/HGNC:7876,gene,RO:0002434,interacts with,http://purl.obolibrary.org/obo/RO_0002434,HGNC:620,APP,https://www.genenames.org/data/gene-symbol-report/#!/hgnc_id/HGNC:620,gene,PMID:21163940
WormBase:WBGene00011530,T06D8.10,https://www.wormbase.org/get?name=WBGene00011530,gene,RO:0002434,interacts with,http://purl.obolibrary.org/obo/RO_0002434,WormBase:WBGene00008627,hpx-2,https://www.wormbase.org/get?name=WBGene00008627,gene,NA
HGNC:620,APP,https://www.genenames.org/data/gene-symbol-report/#!/hgnc_id/HGNC:620,gene,RO:0002331,involved_in,http://purl.obolibrary.org/obo/RO_0002331,REACT:R-HSA-977225,Amyloid fiber formation,http://www.reactome.org/PathwayBrowser/#/R-HSA-977225,pathway,NA
WormBase:WBGene00019613,K10B4.1,https://www.wormbase.org/get?name=WBGene00019613,gene,RO:0002434,interacts with,http://purl.obolibrary.org/obo/RO_0002434,WormBase:WBGene00009897,skpo-1,https://www.wormbase.org/get?name=WBGene00009897,gene,NA
dbSNP:rs429358,rs429358-C,http://www.ncbi.nlm.nih.gov/projects/SNP/snp_ref.cgi?rs=rs429358,variant,None,None,None,dbSNPIndividual:10277,APOE;APOE(CYS112 AND ARG158;CYS112ARG); 45;X/46;XX [AG12731],http://www.ncbi.nlm.nih.gov/SNP/snp_ind.cgi?ind_id=10277,genotype,NA
MONDO:0007088,Alzheimer disease type 1,http://purl.obolibrary.org/obo/MONDO_0007088,disease,RO:0002331,involved_in,http://purl.obolibrary.org/obo/RO_0002331,REACT:R-HSA-9609523,Insertion of tail-anchored proteins into the endoplasmic reticulum membrane,http://www.reactome.org/PathwayBrowser/#/R-HSA-9609523,pathway,NA
dbSNP:rs7412,rs7412-?,http://www.ncbi.nlm.nih.gov/projects/SNP/snp_ref.cgi?rs=rs7412,variant,GENO:0000408,is_allele_of,http://purl.obolibrary.org/obo/GENO_0000408,HGNC:613,APOE (human),https://www.genenames.org/data/gene-symbol-report/#!/hgnc_id/HGNC:613,gene,NA
dbSNPIndividual:10221,APOE;APOE(CYS112 AND ARG158;CYS112ARG); 46;XX [AG10891],http://www.ncbi.nlm.nih.gov/SNP/snp_ind.cgi?ind_id=10221,genotype,None,None,None,HGNC:613,APOE (human),https://www.genenames.org/data/gene-symbol-report/#!/hgnc_id/HGNC:613,gene,NA
WormBase:WBGene00009897,skpo-1,https://www.wormbase.org/get?name=WBGene00009897,gene,RO:HOM0000017,in orthology relationship with,http://purl.obolibrary.org/obo/RO_HOM0000017,HGNC:7218,MPO (human),https://www.genenames.org/data/gene-symbol-report/#!/hgnc_id/HGNC:7218,gene,NA
WormBase:WBGene00017968,skpo-3,https://www.wormbase.org/get?name=WBGene00017968,gene,RO:0002434,interacts with,http://purl.obolibrary.org/obo/RO_0002434,WormBase:WBGene00009897,skpo-1,https://www.wormbase.org/get?name=WBGene00009897,gene,NA
WormBase:WBGene00015841,skpo-2,https://www.wormbase.org/get?name=WBGene00015841,gene,RO:0002434,interacts with,http://purl.obolibrary.org/obo/RO_0002434,WormBase:WBGene00008627,hpx-2,https://www.wormbase.org/get?name=WBGene00008627,gene,NA
MONDO:0007088,Alzheimer disease type 1,http://purl.obolibrary.org/obo/MONDO_0007088,disease,RO:0002331,involved_in,http://purl.obolibrary.org/obo/RO_0002331,REACT:R-HSA-879415,Advanced glycosylation endproduct receptor signaling,http://www.reactome.org/PathwayBrowser/#/R-HSA-879415,pathway,NA
dbSNPIndividual:10200,APOE(CYS112ARG); 46;XX [AG09714],http://www.ncbi.nlm.nih.gov/SNP/snp_ind.cgi?ind_id=10200,genotype,None,None,None,HGNC:613,APOE (human),https://www.genenames.org/data/gene-symbol-report/#!/hgnc_id/HGNC:613,gene,NA
MONDO:0007088,Alzheimer disease type 1,http://purl.obolibrary.org/obo/MONDO_0007088,disease,RO:0002331,involved_in,http://purl.obolibrary.org/obo/RO_0002331,REACT:R-HSA-8862803,Deregulated CDK5 triggers multiple neurodegenerative pathways in Alzheimer's disease models,http://www.reactome.org/PathwayBrowser/#/R-HSA-8862803,pathway,NA
dbSNP:rs429358,rs429358-C,http://www.ncbi.nlm.nih.gov/projects/SNP/snp_ref.cgi?rs=rs429358,variant,None,None,None,dbSNPIndividual:10221,APOE;APOE(CYS112 AND ARG158;CYS112ARG); 46;XX [AG10891],http://www.ncbi.nlm.nih.gov/SNP/snp_ind.cgi?ind_id=10221,genotype,NA
ClinVarVariant:18090,NM_000484.4(APP):c.2150T>G (p.Val717Gly),http://www.ncbi.nlm.nih.gov/clinvar/variation/18090,variant,GENO:0000840,pathogenic_for_condition,http://purl.obolibrary.org/obo/GENO_0000840,MONDO:0007088,Alzheimer disease type 1,http://purl.obolibrary.org/obo/MONDO_0007088,disease,PMID:1944558
MONDO:0007088,Alzheimer disease type 1,http://purl.obolibrary.org/obo/MONDO_0007088,disease,RO:0002331,involved_in,http://purl.obolibrary.org/obo/RO_0002331,REACT:R-HSA-8957275,Post-translational protein phosphorylation,http://www.reactome.org/PathwayBrowser/#/R-HSA-8957275,pathway,NA
dbSNPIndividual:10209,APOE(CYS112 AND ARG158); 46;XX [AG10039],http://www.ncbi.nlm.nih.gov/SNP/snp_ind.cgi?ind_id=10209,genotype,None,None,None,HGNC:613,APOE (human),https://www.genenames.org/data/gene-symbol-report/#!/hgnc_id/HGNC:613,gene,NA
MONDO:0007088,Alzheimer disease type 1,http://purl.obolibrary.org/obo/MONDO_0007088,disease,RO:0002331,involved_in,http://purl.obolibrary.org/obo/RO_0002331,REACT:R-HSA-381426,Regulation of Insulin-like Growth Factor (IGF) transport and uptake by Insulin-like Growth Factor Binding Proteins (IGFBPs),http://www.reactome.org/PathwayBrowser/#/R-HSA-381426,pathway,NA
dbSNPIndividual:10276,APOE;APOE(ARG158CYS;CYS112 AND ARG158); 46;XY [AG12729],http://www.ncbi.nlm.nih.gov/SNP/snp_ind.cgi?ind_id=10276,genotype,RO:0002200,has phenotype,http://purl.obolibrary.org/obo/RO_0002200,MONDO:0007088,Alzheimer disease type 1,http://purl.obolibrary.org/obo/MONDO_0007088,disease,NA
WormBase:WBGene00022743,mlt-7,https://www.wormbase.org/get?name=WBGene00022743,genotype,RO:0003301,has role in modeling,http://purl.obolibrary.org/obo/RO_0003301,MONDO:0007088,Alzheimer disease type 1,http://purl.obolibrary.org/obo/MONDO_0007088,disease,PMID:19029536
WormBase:WBGene00004257,pxn-2,https://www.wormbase.org/get?name=WBGene00004257,genotype,RO:0003301,has role in modeling,http://purl.obolibrary.org/obo/RO_0003301,MONDO:0007088,Alzheimer disease type 1,http://purl.obolibrary.org/obo/MONDO_0007088,disease,PMID:19029536
dbSNPIndividual:10265,APOE(CYS112ARG); 46;XY [AG11758],http://www.ncbi.nlm.nih.gov/SNP/snp_ind.cgi?ind_id=10265,genotype,None,None,None,HGNC:613,APOE (human),https://www.genenames.org/data/gene-symbol-report/#!/hgnc_id/HGNC:613,gene,NA
ClinVarVariant:18098,NM_000484.4(APP):c.2078A>G (p.Glu693Gly),http://www.ncbi.nlm.nih.gov/clinvar/variation/18098,variant,GENO:0000418,has_affected_feature,http://purl.obolibrary.org/obo/GENO_0000418,HGNC:620,APP,https://www.genenames.org/data/gene-symbol-report/#!/hgnc_id/HGNC:620,gene,NA
HGNC:620,APP,https://www.genenames.org/data/gene-symbol-report/#!/hgnc_id/HGNC:620,gene,RO:0002200,has phenotype,http://purl.obolibrary.org/obo/RO_0002200,HP:0001300,Parkinsonism,http://purl.obolibrary.org/obo/HP_0001300,phenotype,MONDO:0007088|MONDO:0015140
dbSNP:rs429358,rs429358-C,http://www.ncbi.nlm.nih.gov/projects/SNP/snp_ref.cgi?rs=rs429358,variant,None,None,None,dbSNPIndividual:10204,APOE(CYS112ARG); 45;X[2]/46;XY[48];46;XY [AG09952],http://www.ncbi.nlm.nih.gov/SNP/snp_ind.cgi?ind_id=10204,genotype,NA
WormBase:WBGene00016700,C46A5.4,https://www.wormbase.org/get?name=WBGene00016700,genotype,RO:0003301,has role in modeling,http://purl.obolibrary.org/obo/RO_0003301,MONDO:0007088,Alzheimer disease type 1,http://purl.obolibrary.org/obo/MONDO_0007088,disease,PMID:19029536
ClinVarVariant:17864,NM_000041.4(APOE):c.388T>C (p.Cys130Arg),http://www.ncbi.nlm.nih.gov/clinvar/variation/17864,variant,GENO:0000418,has_affected_feature,http://purl.obolibrary.org/obo/GENO_0000418,HGNC:613,APOE (human),https://www.genenames.org/data/gene-symbol-report/#!/hgnc_id/HGNC:613,gene,NA
HGNC:620,APP,https://www.genenames.org/data/gene-symbol-report/#!/hgnc_id/HGNC:620,gene,RO:0002434,interacts with,http://purl.obolibrary.org/obo/RO_0002434,HGNC:7876,NOS3,https://www.genenames.org/data/gene-symbol-report/#!/hgnc_id/HGNC:7876,gene,PMID:21163940
dbSNPIndividual:14722,46;XY;t(5;17)(5pter>5q35::17q21>17qter; 17pter>17q21::5q35>5qter) [AG08523],http://www.ncbi.nlm.nih.gov/SNP/snp_ind.cgi?ind_id=14722,genotype,RO:0002200,has phenotype,http://purl.obolibrary.org/obo/RO_0002200,MONDO:0007088,Alzheimer disease type 1,http://purl.obolibrary.org/obo/MONDO_0007088,disease,NA
ClinVarVariant:18101,NM_000484.4(APP):c.2080G>A (p.Asp694Asn),http://www.ncbi.nlm.nih.gov/clinvar/variation/18101,variant,GENO:0000418,has_affected_feature,http://purl.obolibrary.org/obo/GENO_0000418,HGNC:620,APP,https://www.genenames.org/data/gene-symbol-report/#!/hgnc_id/HGNC:620,gene,NA
ClinVarVariant:18105,NM_000484.4(APP):c.2149G>C (p.Val717Leu),http://www.ncbi.nlm.nih.gov/clinvar/variation/18105,variant,GENO:0000840,pathogenic_for_condition,http://purl.obolibrary.org/obo/GENO_0000840,MONDO:0007088,Alzheimer disease type 1,http://purl.obolibrary.org/obo/MONDO_0007088,disease,PMID:16505331|PMID:10867787
dbSNPIndividual:10188,46;XX/46;XX;2q+;8q+;15q-;15p+/45;X;46;XX/46;XX;t(1;21)(q21;p12);t(11;17) (p15.5;q11.2)/45;X [AG08541],http://www.ncbi.nlm.nih.gov/SNP/snp_ind.cgi?ind_id=10188,genotype,RO:0002200,has phenotype,http://purl.obolibrary.org/obo/RO_0002200,MONDO:0007088,Alzheimer disease type 1,http://purl.obolibrary.org/obo/MONDO_0007088,disease,NA
HGNC:620,APP,https://www.genenames.org/data/gene-symbol-report/#!/hgnc_id/HGNC:620,gene,RO:0002434,interacts with,http://purl.obolibrary.org/obo/RO_0002434,HGNC:7,A2M,https://www.genenames.org/data/gene-symbol-report/#!/hgnc_id/HGNC:7,gene,PMID:21163940
HGNC:613,APOE (human),https://www.genenames.org/data/gene-symbol-report/#!/hgnc_id/HGNC:613,gene,RO:0002200,has phenotype,http://purl.obolibrary.org/obo/RO_0002200,HP:0002185,Neurofibrillary tangles,http://purl.obolibrary.org/obo/HP_0002185,phenotype,MONDO:0007089|MONDO:0007088
WormBase:WBGene00004256,pxn-1,https://www.wormbase.org/get?name=WBGene00004256,gene,RO:HOM0000017,in orthology relationship with,http://purl.obolibrary.org/obo/RO_HOM0000017,HGNC:7218,MPO (human),https://www.genenames.org/data/gene-symbol-report/#!/hgnc_id/HGNC:7218,gene,NA
dbSNPIndividual:16628,46;XY/46;XY;t(1;19)(1qter>1p34.1:: 19p13.3>19pter;19qter>19p13.3::1p34.1> 1pter) [AG08555],http://www.ncbi.nlm.nih.gov/SNP/snp_ind.cgi?ind_id=16628,genotype,RO:0002200,has phenotype,http://purl.obolibrary.org/obo/RO_0002200,MONDO:0007088,Alzheimer disease type 1,http://purl.obolibrary.org/obo/MONDO_0007088,disease,NA
MONDO:0007088,Alzheimer disease type 1,http://purl.obolibrary.org/obo/MONDO_0007088,disease,RO:0002331,involved_in,http://purl.obolibrary.org/obo/RO_0002331,REACT:R-HSA-416476,G alpha (q) signalling events,http://www.reactome.org/PathwayBrowser/#/R-HSA-416476,pathway,NA
WormBase:WBGene00022743,mlt-7,https://www.wormbase.org/get?name=WBGene00022743,gene,RO:0002434,interacts with,http://purl.obolibrary.org/obo/RO_0002434,WormBase:WBGene00009897,skpo-1,https://www.wormbase.org/get?name=WBGene00009897,gene,NA
WormBase:WBGene00004257,pxn-2,https://www.wormbase.org/get?name=WBGene00004257,gene,RO:HOM0000017,in orthology relationship with,http://purl.obolibrary.org/obo/RO_HOM0000017,HGNC:7218,MPO (human),https://www.genenames.org/data/gene-symbol-report/#!/hgnc_id/HGNC:7218,gene,NA
dbSNPIndividual:17352,46;XY;46;XY{90}/47.XY.+20{10} [AG06265],http://www.ncbi.nlm.nih.gov/SNP/snp_ind.cgi?ind_id=17352,genotype,RO:0002200,has phenotype,http://purl.obolibrary.org/obo/RO_0002200,MONDO:0007088,Alzheimer disease type 1,http://purl.obolibrary.org/obo/MONDO_0007088,disease,NA
HGNC:620,APP,https://www.genenames.org/data/gene-symbol-report/#!/hgnc_id/HGNC:620,gene,RO:0002331,involved_in,http://purl.obolibrary.org/obo/RO_0002331,REACT:R-HSA-9609523,Insertion of tail-anchored proteins into the endoplasmic reticulum membrane,http://www.reactome.org/PathwayBrowser/#/R-HSA-9609523,pathway,NA
ClinVarVariant:18093,NM_000484.4(APP):c.2010_2011inv (p.Lys670_Met671delinsAsnLeu),http://www.ncbi.nlm.nih.gov/clinvar/variation/18093,variant,GENO:0000840,pathogenic_for_condition,http://purl.obolibrary.org/obo/GENO_0000840,MONDO:0007088,Alzheimer disease type 1,http://purl.obolibrary.org/obo/MONDO_0007088,disease,PMID:9796810|PMID:23649480|PMID:7489411|PMID:7991571|PMID:8810256|PMID:8012386|PMID:1465129|PMID:1302033|PMID:9371838|PMID:21335619
dbSNP:rs429358,rs429358-C,http://www.ncbi.nlm.nih.gov/projects/SNP/snp_ref.cgi?rs=rs429358,variant,None,None,None,dbSNPIndividual:10263,APOE(CYS112 AND ARG158); 45;X [AG11756],http://www.ncbi.nlm.nih.gov/SNP/snp_ind.cgi?ind_id=10263,genotype,NA
dbSNPIndividual:10276,APOE;APOE(ARG158CYS;CYS112 AND ARG158); 46;XY [AG12729],http://www.ncbi.nlm.nih.gov/SNP/snp_ind.cgi?ind_id=10276,genotype,None,None,None,HGNC:613,APOE (human),https://www.genenames.org/data/gene-symbol-report/#!/hgnc_id/HGNC:613,gene,NA
dbSNPIndividual:10079,APOE;APOE(CYS112 AND ARG158;CYS112ARG); 45;X{6}/46;XY{86}/46;XY;del(11)(q2?){8};46;XY [AG04402],http://www.ncbi.nlm.nih.gov/SNP/snp_ind.cgi?ind_id=10079,genotype,None,None,None,HGNC:613,APOE (human),https://www.genenames.org/data/gene-symbol-report/#!/hgnc_id/HGNC:613,gene,NA
WormBase:WBGene00019970,R08F11.7,https://www.wormbase.org/get?name=WBGene00019970,gene,RO:0002434,interacts with,http://purl.obolibrary.org/obo/RO_0002434,WormBase:WBGene00017968,skpo-3,https://www.wormbase.org/get?name=WBGene00017968,gene,NA
ClinVarVariant:18098,NM_000484.4(APP):c.2078A>G (p.Glu693Gly),http://www.ncbi.nlm.nih.gov/clinvar/variation/18098,variant,GENO:0000840,pathogenic_for_condition,http://purl.obolibrary.org/obo/GENO_0000840,MONDO:0007088,Alzheimer disease type 1,http://purl.obolibrary.org/obo/MONDO_0007088,disease,PMID:10821838|PMID:11528419|PMID:18413473|PMID:15502844
dbSNPIndividual:10204,APOE(CYS112ARG); 45;X[2]/46;XY[48];46;XY [AG09952],http://www.ncbi.nlm.nih.gov/SNP/snp_ind.cgi?ind_id=10204,genotype,None,None,None,HGNC:613,APOE (human),https://www.genenames.org/data/gene-symbol-report/#!/hgnc_id/HGNC:613,gene,NA
MONDO:0007088,Alzheimer disease type 1,http://purl.obolibrary.org/obo/MONDO_0007088,disease,RO:0002331,involved_in,http://purl.obolibrary.org/obo/RO_0002331,REACT:R-HSA-114608,Platelet degranulation,http://www.reactome.org/PathwayBrowser/#/R-HSA-114608,pathway,NA
WormBase:WBGene00017968,skpo-3,https://www.wormbase.org/get?name=WBGene00017968,gene,RO:0002434,interacts with,http://purl.obolibrary.org/obo/RO_0002434,WormBase:WBGene00022743,mlt-7,https://www.wormbase.org/get?name=WBGene00022743,gene,NA
WormBase:WBGene00017968,skpo-3,https://www.wormbase.org/get?name=WBGene00017968,genotype,RO:0003301,has role in modeling,http://purl.obolibrary.org/obo/RO_0003301,MONDO:0007088,Alzheimer disease type 1,http://purl.obolibrary.org/obo/MONDO_0007088,disease,PMID:19029536
dbSNPIndividual:10208,APOE(CYS112 AND ARG158); 46;XX [AG10009],http://www.ncbi.nlm.nih.gov/SNP/snp_ind.cgi?ind_id=10208,genotype,None,None,None,HGNC:613,APOE (human),https://www.genenames.org/data/gene-symbol-report/#!/hgnc_id/HGNC:613,gene,NA
dbSNP:rs429358,rs429358-C,http://www.ncbi.nlm.nih.gov/projects/SNP/snp_ref.cgi?rs=rs429358,variant,None,None,None,dbSNPIndividual:10264,APOE;APOE(CYS112 AND ARG158;CYS112ARG); 46;XX [AG11757],http://www.ncbi.nlm.nih.gov/SNP/snp_ind.cgi?ind_id=10264,genotype,NA
dbSNPIndividual:10108,46;XY;t(1;13)(1pter>1q21::13q12>13qter;13pter>13q12::1q21>1qter);inv(2)(pter>p13::q11.2>p13::q11.2>qter);t(2;7)(2qter>2p11::7q36>7qter;7pter>7q36::2p11>2pter);t(3;7)(3qter>3p11::7p21>7pter;7qter>7p21::3p11>3pter)[12]/46;XY;t(4;12)(4qter>4p16::12q21>12qter;12pter>12q21::4p16>4pter)[7]/46;XY[31];46;XY/46;XY;4p+;12q-/46;XY;t(2;8)(p23; q13) [AG06205],http://www.ncbi.nlm.nih.gov/SNP/snp_ind.cgi?ind_id=10108,genotype,RO:0002200,has phenotype,http://purl.obolibrary.org/obo/RO_0002200,MONDO:0007088,Alzheimer disease type 1,http://purl.obolibrary.org/obo/MONDO_0007088,disease,NA
WormBase:WBGene00015841,skpo-2,https://www.wormbase.org/get?name=WBGene00015841,gene,RO:0002434,interacts with,http://purl.obolibrary.org/obo/RO_0002434,WormBase:WBGene00019970,R08F11.7,https://www.wormbase.org/get?name=WBGene00019970,gene,NA
WormBase:WBGene00019970,R08F11.7,https://www.wormbase.org/get?name=WBGene00019970,gene,RO:0002434,interacts with,http://purl.obolibrary.org/obo/RO_0002434,WormBase:WBGene00015841,skpo-2,https://www.wormbase.org/get?name=WBGene00015841,gene,NA
HGNC:620,APP,https://www.genenames.org/data/gene-symbol-report/#!/hgnc_id/HGNC:620,gene,RO:0003303,causes condition,http://purl.obolibrary.org/obo/RO_0003303,MONDO:0007088,Alzheimer disease type 1,http://purl.obolibrary.org/obo/MONDO_0007088,disease,NA
WormBase:WBGene00011530,T06D8.10,https://www.wormbase.org/get?name=WBGene00011530,gene,RO:0002434,interacts with,http://purl.obolibrary.org/obo/RO_0002434,WormBase:WBGene00022743,mlt-7,https://www.wormbase.org/get?name=WBGene00022743,gene,NA
WormBase:WBGene00000149,apl-1,https://www.wormbase.org/get?name=WBGene00000149,gene,RO:0002434,interacts with,http://purl.obolibrary.org/obo/RO_0002434,WormBase:WBGene00006620,svh-1,https://www.wormbase.org/get?name=WBGene00006620,gene,NA
HGNC:620,APP,https://www.genenames.org/data/gene-symbol-report/#!/hgnc_id/HGNC:620,gene,RO:0002200,has phenotype,http://purl.obolibrary.org/obo/RO_0002200,HP:0000726,Dementia,http://purl.obolibrary.org/obo/HP_0000726,phenotype,MONDO:0015033|MONDO:0011583|MONDO:0007088|MONDO:0015140|MONDO:0017946|MONDO:0017947|MONDO:0017945
dbSNPIndividual:10167,APOE(CYS112 AND ARG158); 46;XY [AG08242],http://www.ncbi.nlm.nih.gov/SNP/snp_ind.cgi?ind_id=10167,genotype,RO:0002200,has phenotype,http://purl.obolibrary.org/obo/RO_0002200,MONDO:0007088,Alzheimer disease type 1,http://purl.obolibrary.org/obo/MONDO_0007088,disease,NA
WormBase:WBGene00013969,tep-1,https://www.wormbase.org/get?name=WBGene00013969,gene,RO:HOM0000017,in orthology relationship with,http://purl.obolibrary.org/obo/RO_HOM0000017,HGNC:7,A2M,https://www.genenames.org/data/gene-symbol-report/#!/hgnc_id/HGNC:7,gene,NA
HGNC:7218,MPO (human),https://www.genenames.org/data/gene-symbol-report/#!/hgnc_id/HGNC:7218,gene,RO:HOM0000017,in orthology relationship with,http://purl.obolibrary.org/obo/RO_HOM0000017,WormBase:WBGene00009897,skpo-1,https://www.wormbase.org/get?name=WBGene00009897,gene,NA
dbSNPIndividual:16808,46;XY;t(5;17)(5pter>5q35::17q21>17qter; 17pter>17q21::5q35>5qter) [AG08522],http://www.ncbi.nlm.nih.gov/SNP/snp_ind.cgi?ind_id=16808,genotype,RO:0002200,has phenotype,http://purl.obolibrary.org/obo/RO_0002200,MONDO:0007088,Alzheimer disease type 1,http://purl.obolibrary.org/obo/MONDO_0007088,disease,NA
ClinVarVariant:18096,NM_000484.4(APP):c.2146A>G (p.Ile716Val),http://www.ncbi.nlm.nih.gov/clinvar/variation/18096,variant,GENO:0000840,pathogenic_for_condition,http://purl.obolibrary.org/obo/GENO_0000840,MONDO:0007088,Alzheimer disease type 1,http://purl.obolibrary.org/obo/MONDO_0007088,disease,PMID:9328472
WormBase:WBGene00008627,hpx-2,https://www.wormbase.org/get?name=WBGene00008627,gene,RO:0002434,interacts with,http://purl.obolibrary.org/obo/RO_0002434,WormBase:WBGene00019970,R08F11.7,https://www.wormbase.org/get?name=WBGene00019970,gene,NA
dbSNPIndividual:21336,46;XY;9qh+/46;XY;9qh+;t(4;9)(4pter> 4q21::9q34>9qter;9pter>9q34::4q21>4qter) [AG06262],http://www.ncbi.nlm.nih.gov/SNP/snp_ind.cgi?ind_id=21336,genotype,RO:0002200,has phenotype,http://purl.obolibrary.org/obo/RO_0002200,MONDO:0007088,Alzheimer disease type 1,http://purl.obolibrary.org/obo/MONDO_0007088,disease,NA
HGNC:620,APP,https://www.genenames.org/data/gene-symbol-report/#!/hgnc_id/HGNC:620,gene,RO:0002331,involved_in,http://purl.obolibrary.org/obo/RO_0002331,REACT:R-HSA-844456,The NLRP3 inflammasome,http://www.reactome.org/PathwayBrowser/#/R-HSA-844456,pathway,NA
HGNC:613,APOE (human),https://www.genenames.org/data/gene-symbol-report/#!/hgnc_id/HGNC:613,gene,RO:0002331,involved_in,http://purl.obolibrary.org/obo/RO_0002331,REACT:R-HSA-381426,Regulation of Insulin-like Growth Factor (IGF) transport and uptake by Insulin-like Growth Factor Binding Proteins (IGFBPs),http://www.reactome.org/PathwayBrowser/#/R-HSA-381426,pathway,NA
WormBase:WBGene00017968,skpo-3,https://www.wormbase.org/get?name=WBGene00017968,gene,RO:HOM0000017,in orthology relationship with,http://purl.obolibrary.org/obo/RO_HOM0000017,HGNC:7218,MPO (human),https://www.genenames.org/data/gene-symbol-report/#!/hgnc_id/HGNC:7218,gene,NA
WormBase:WBGene00019970,R08F11.7,https://www.wormbase.org/get?name=WBGene00019970,genotype,RO:0003301,has role in modeling,http://purl.obolibrary.org/obo/RO_0003301,MONDO:0007088,Alzheimer disease type 1,http://purl.obolibrary.org/obo/MONDO_0007088,disease,PMID:19029536
HGNC:7876,NOS3,https://www.genenames.org/data/gene-symbol-report/#!/hgnc_id/HGNC:7876,gene,RO:0002434,interacts with,http://purl.obolibrary.org/obo/RO_0002434,HGNC:7,A2M,https://www.genenames.org/data/gene-symbol-report/#!/hgnc_id/HGNC:7,gene,PMID:21163940
WormBase:WBGene00000149,apl-1,https://www.wormbase.org/get?name=WBGene00000149,gene,RO:HOM0000017,in orthology relationship with,http://purl.obolibrary.org/obo/RO_HOM0000017,HGNC:620,APP,https://www.genenames.org/data/gene-symbol-report/#!/hgnc_id/HGNC:620,gene,NA
MONDO:0007088,Alzheimer disease type 1,http://purl.obolibrary.org/obo/MONDO_0007088,disease,RO:0002200,has phenotype,http://purl.obolibrary.org/obo/RO_0002200,HP:0000726,Dementia,http://purl.obolibrary.org/obo/HP_0000726,phenotype,MONDO:0007088
WormBase:WBGene00019613,K10B4.1,https://www.wormbase.org/get?name=WBGene00019613,gene,RO:0002434,interacts with,http://purl.obolibrary.org/obo/RO_0002434,WormBase:WBGene00016700,C46A5.4,https://www.wormbase.org/get?name=WBGene00016700,gene,NA
dbSNPIndividual:10248,APOE;APOE(CYS112 AND ARG158;CYS112ARG); 46;XY [AG11414],http://www.ncbi.nlm.nih.gov/SNP/snp_ind.cgi?ind_id=10248,genotype,None,None,None,HGNC:613,APOE (human),https://www.genenames.org/data/gene-symbol-report/#!/hgnc_id/HGNC:613,gene,NA
dbSNPIndividual:10263,APOE(CYS112 AND ARG158); 45;X [AG11756],http://www.ncbi.nlm.nih.gov/SNP/snp_ind.cgi?ind_id=10263,genotype,RO:0002200,has phenotype,http://purl.obolibrary.org/obo/RO_0002200,MONDO:0007088,Alzheimer disease type 1,http://purl.obolibrary.org/obo/MONDO_0007088,disease,NA
HGNC:620,APP,https://www.genenames.org/data/gene-symbol-report/#!/hgnc_id/HGNC:620,gene,RO:0002331,involved_in,http://purl.obolibrary.org/obo/RO_0002331,REACT:R-HSA-8957275,Post-translational protein phosphorylation,http://www.reactome.org/PathwayBrowser/#/R-HSA-8957275,pathway,NA
MONDO:0007088,Alzheimer disease type 1,http://purl.obolibrary.org/obo/MONDO_0007088,disease,RO:0002200,has phenotype,http://purl.obolibrary.org/obo/RO_0002200,HP:0002185,Neurofibrillary tangles,http://purl.obolibrary.org/obo/HP_0002185,phenotype,MONDO:0007088
WormBase:WBGene00015841,skpo-2,https://www.wormbase.org/get?name=WBGene00015841,gene,RO:0002434,interacts with,http://purl.obolibrary.org/obo/RO_0002434,WormBase:WBGene00016700,C46A5.4,https://www.wormbase.org/get?name=WBGene00016700,gene,NA
HGNC:7218,MPO (human),https://www.genenames.org/data/gene-symbol-report/#!/hgnc_id/HGNC:7218,gene,RO:0002326,contributes to,http://purl.obolibrary.org/obo/RO_0002326,MONDO:0007088,Alzheimer disease type 1,http://purl.obolibrary.org/obo/MONDO_0007088,disease,NA
WormBase:WBGene00008627,hpx-2,https://www.wormbase.org/get?name=WBGene00008627,genotype,RO:0003301,has role in modeling,http://purl.obolibrary.org/obo/RO_0003301,MONDO:0007088,Alzheimer disease type 1,http://purl.obolibrary.org/obo/MONDO_0007088,disease,PMID:19029536
WormBase:WBGene00015841,skpo-2,https://www.wormbase.org/get?name=WBGene00015841,genotype,RO:0003301,has role in modeling,http://purl.obolibrary.org/obo/RO_0003301,MONDO:0007088,Alzheimer disease type 1,http://purl.obolibrary.org/obo/MONDO_0007088,disease,PMID:19029536
WormBase:WBGene00017968,skpo-3,https://www.wormbase.org/get?name=WBGene00017968,gene,RO:0002434,interacts with,http://purl.obolibrary.org/obo/RO_0002434,WormBase:WBGene00011530,T06D8.10,https://www.wormbase.org/get?name=WBGene00011530,gene,NA
WormBase:WBGene00009897,skpo-1,https://www.wormbase.org/get?name=WBGene00009897,gene,RO:0002434,interacts with,http://purl.obolibrary.org/obo/RO_0002434,WormBase:WBGene00015841,skpo-2,https://www.wormbase.org/get?name=WBGene00015841,gene,NA
WormBase:WBGene00019613,K10B4.1,https://www.wormbase.org/get?name=WBGene00019613,gene,RO:0002434,interacts with,http://purl.obolibrary.org/obo/RO_0002434,WormBase:WBGene00015841,skpo-2,https://www.wormbase.org/get?name=WBGene00015841,gene,NA
HGNC:7218,MPO (human),https://www.genenames.org/data/gene-symbol-report/#!/hgnc_id/HGNC:7218,gene,RO:HOM0000017,in orthology relationship with,http://purl.obolibrary.org/obo/RO_HOM0000017,WormBase:WBGene00004257,pxn-2,https://www.wormbase.org/get?name=WBGene00004257,gene,NA
dbSNP:rs429358,rs429358-C,http://www.ncbi.nlm.nih.gov/projects/SNP/snp_ref.cgi?rs=rs429358,variant,None,None,None,dbSNPIndividual:10102,APOE(CYS112ARG); 46;XX [AG05810],http://www.ncbi.nlm.nih.gov/SNP/snp_ind.cgi?ind_id=10102,genotype,NA
WormBase:WBGene00013969,tep-1,https://www.wormbase.org/get?name=WBGene00013969,genotype,RO:0003301,has role in modeling,http://purl.obolibrary.org/obo/RO_0003301,MONDO:0007088,Alzheimer disease type 1,http://purl.obolibrary.org/obo/MONDO_0007088,disease,PMID:19029536
dbSNPIndividual:10167,APOE(CYS112 AND ARG158); 46;XY [AG08242],http://www.ncbi.nlm.nih.gov/SNP/snp_ind.cgi?ind_id=10167,genotype,None,None,None,HGNC:613,APOE (human),https://www.genenames.org/data/gene-symbol-report/#!/hgnc_id/HGNC:613,gene,NA
dbSNPIndividual:10205,APOE(CYS112 AND ARG158); 46;XX [AG09955],http://www.ncbi.nlm.nih.gov/SNP/snp_ind.cgi?ind_id=10205,genotype,None,None,None,HGNC:613,APOE (human),https://www.genenames.org/data/gene-symbol-report/#!/hgnc_id/HGNC:613,gene,NA
FlyBase:FBal0150472,grim[UAS.cYa],http://flybase.org/reports/FBal0150472,genotype,RO:0003301,has role in modeling,http://purl.obolibrary.org/obo/RO_0003301,MONDO:0007088,Alzheimer disease type 1,http://purl.obolibrary.org/obo/MONDO_0007088,disease,PMID:25281744
HGNC:613,APOE (human),https://www.genenames.org/data/gene-symbol-report/#!/hgnc_id/HGNC:613,gene,RO:0002434,interacts with,http://purl.obolibrary.org/obo/RO_0002434,HGNC:620,APP,https://www.genenames.org/data/gene-symbol-report/#!/hgnc_id/HGNC:620,gene,PMID:22528093
WormBase:WBGene00008735,F13D2.1,https://www.wormbase.org/get?name=WBGene00008735,gene,RO:HOM0000017,in orthology relationship with,http://purl.obolibrary.org/obo/RO_HOM0000017,HGNC:7,A2M,https://www.genenames.org/data/gene-symbol-report/#!/hgnc_id/HGNC:7,gene,NA
WormBase:WBGene00009897,skpo-1,https://www.wormbase.org/get?name=WBGene00009897,gene,RO:0002434,interacts with,http://purl.obolibrary.org/obo/RO_0002434,WormBase:WBGene00019613,K10B4.1,https://www.wormbase.org/get?name=WBGene00019613,gene,NA
WormBase:WBGene00009897,skpo-1,https://www.wormbase.org/get?name=WBGene00009897,gene,RO:0002434,interacts with,http://purl.obolibrary.org/obo/RO_0002434,WormBase:WBGene00017968,skpo-3,https://www.wormbase.org/get?name=WBGene00017968,gene,NA
MONDO:0007088,Alzheimer disease type 1,http://purl.obolibrary.org/obo/MONDO_0007088,disease,RO:0002200,has phenotype,http://purl.obolibrary.org/obo/RO_0002200,HP:0002423,Long-tract signs,http://purl.obolibrary.org/obo/HP_0002423,phenotype,MONDO:0007088
dbSNP:rs429358,rs429358-C,http://www.ncbi.nlm.nih.gov/projects/SNP/snp_ref.cgi?rs=rs429358,variant,None,None,None,dbSNPIndividual:10191,APOE(CYS112 AND ARG158); 46;XX [AG08744],http://www.ncbi.nlm.nih.gov/SNP/snp_ind.cgi?ind_id=10191,genotype,NA
ClinVarVariant:9726,m.3397A>G,http://www.ncbi.nlm.nih.gov/clinvar/variation/9726,variant,GENO:0000840,pathogenic_for_condition,http://purl.obolibrary.org/obo/GENO_0000840,MONDO:0007088,Alzheimer disease type 1,http://purl.obolibrary.org/obo/MONDO_0007088,disease,PMID:7624338
WormBase:WBGene00019970,R08F11.7,https://www.wormbase.org/get?name=WBGene00019970,gene,RO:0002434,interacts with,http://purl.obolibrary.org/obo/RO_0002434,WormBase:WBGene00016700,C46A5.4,https://www.wormbase.org/get?name=WBGene00016700,gene,NA
HGNC:620,APP,https://www.genenames.org/data/gene-symbol-report/#!/hgnc_id/HGNC:620,gene,RO:0002331,involved_in,http://purl.obolibrary.org/obo/RO_0002331,REACT:R-HSA-381426,Regulation of Insulin-like Growth Factor (IGF) transport and uptake by Insulin-like Growth Factor Binding Proteins (IGFBPs),http://www.reactome.org/PathwayBrowser/#/R-HSA-381426,pathway,NA
FlyBase:FBal0358409,Klc[S433D],http://flybase.org/reports/FBal0358409,genotype,RO:0003301,has role in modeling,http://purl.obolibrary.org/obo/RO_0003301,MONDO:0007088,Alzheimer disease type 1,http://purl.obolibrary.org/obo/MONDO_0007088,disease,PMID:31806024
ClinVarVariant:599622,NM_000021.4(PSEN1):c.869-1G>A,http://www.ncbi.nlm.nih.gov/clinvar/variation/599622,variant,GENO:0000841,likely_pathogenic_for_condition,http://purl.obolibrary.org/obo/GENO_0000841,MONDO:0007088,Alzheimer disease type 1,http://purl.obolibrary.org/obo/MONDO_0007088,disease,NA
HGNC:620,APP,https://www.genenames.org/data/gene-symbol-report/#!/hgnc_id/HGNC:620,gene,RO:0002434,interacts with,http://purl.obolibrary.org/obo/RO_0002434,HGNC:613,APOE (human),https://www.genenames.org/data/gene-symbol-report/#!/hgnc_id/HGNC:613,gene,PMID:22528093
MONDO:0007088,Alzheimer disease type 1,http://purl.obolibrary.org/obo/MONDO_0007088,disease,RO:0002331,involved_in,http://purl.obolibrary.org/obo/RO_0002331,REACT:R-HSA-3000178,ECM proteoglycans,http://www.reactome.org/PathwayBrowser/#/R-HSA-3000178,pathway,NA
WormBase:WBGene00016700,C46A5.4,https://www.wormbase.org/get?name=WBGene00016700,gene,RO:0002434,interacts with,http://purl.obolibrary.org/obo/RO_0002434,WormBase:WBGene00019970,R08F11.7,https://www.wormbase.org/get?name=WBGene00019970,gene,NA
ClinVarVariant:599629,NM_007126.5(VCP):c.409C>T (p.Pro137Ser),http://www.ncbi.nlm.nih.gov/clinvar/variation/599629,variant,GENO:0000841,likely_pathogenic_for_condition,http://purl.obolibrary.org/obo/GENO_0000841,MONDO:0007088,Alzheimer disease type 1,http://purl.obolibrary.org/obo/MONDO_0007088,disease,NA
dbSNP:rs429358,rs429358-C,http://www.ncbi.nlm.nih.gov/projects/SNP/snp_ref.cgi?rs=rs429358,variant,None,None,None,dbSNPIndividual:10224,APOE(CYS112ARG) [AG10956],http://www.ncbi.nlm.nih.gov/SNP/snp_ind.cgi?ind_id=10224,genotype,NA
WormBase:WBGene00008627,hpx-2,https://www.wormbase.org/get?name=WBGene00008627,gene,RO:0002434,interacts with,http://purl.obolibrary.org/obo/RO_0002434,WormBase:WBGene00017968,skpo-3,https://www.wormbase.org/get?name=WBGene00017968,gene,NA
WormBase:WBGene00021314,Y32H12A.6,https://www.wormbase.org/get?name=WBGene00021314,genotype,RO:0003301,has role in modeling,http://purl.obolibrary.org/obo/RO_0003301,MONDO:0007088,Alzheimer disease type 1,http://purl.obolibrary.org/obo/MONDO_0007088,disease,PMID:19029536
HGNC:7,A2M,https://www.genenames.org/data/gene-symbol-report/#!/hgnc_id/HGNC:7,gene,RO:0002434,interacts with,http://purl.obolibrary.org/obo/RO_0002434,HGNC:613,APOE (human),https://www.genenames.org/data/gene-symbol-report/#!/hgnc_id/HGNC:613,gene,PMID:9831625|PMID:21163940
dbSNP:rs429358,rs429358-C,http://www.ncbi.nlm.nih.gov/projects/SNP/snp_ref.cgi?rs=rs429358,variant,RO:0002200,has phenotype,http://purl.obolibrary.org/obo/RO_0002200,MONDO:0007088,Alzheimer disease type 1,http://purl.obolibrary.org/obo/MONDO_0007088,disease,NA
HGNC:613,APOE (human),https://www.genenames.org/data/gene-symbol-report/#!/hgnc_id/HGNC:613,gene,RO:0002200,has phenotype,http://purl.obolibrary.org/obo/RO_0002200,MONDO:0007088,Alzheimer disease type 1,http://purl.obolibrary.org/obo/MONDO_0007088,disease,NA
HGNC:620,APP,https://www.genenames.org/data/gene-symbol-report/#!/hgnc_id/HGNC:620,gene,RO:0002331,involved_in,http://purl.obolibrary.org/obo/RO_0002331,REACT:R-HSA-432720,Lysosome Vesicle Biogenesis,http://www.reactome.org/PathwayBrowser/#/R-HSA-432720,pathway,NA
ClinVarVariant:9,NM_000410.3(HFE):c.845G>A (p.Cys282Tyr),http://www.ncbi.nlm.nih.gov/clinvar/variation/9,variant,GENO:0000418,has_affected_feature,http://purl.obolibrary.org/obo/GENO_0000418,HGNC:4886,HFE,https://www.genenames.org/data/gene-symbol-report/#!/hgnc_id/HGNC:4886,gene,NA
WormBase:WBGene00011530,T06D8.10,https://www.wormbase.org/get?name=WBGene00011530,gene,RO:0002434,interacts with,http://purl.obolibrary.org/obo/RO_0002434,WormBase:WBGene00019970,R08F11.7,https://www.wormbase.org/get?name=WBGene00019970,gene,NA
WormBase:WBGene00022743,mlt-7,https://www.wormbase.org/get?name=WBGene00022743,gene,RO:0002434,interacts with,http://purl.obolibrary.org/obo/RO_0002434,WormBase:WBGene00016700,C46A5.4,https://www.wormbase.org/get?name=WBGene00016700,gene,NA
ClinVarVariant:18095,NM_000484.4(APP):c.1995G>C (p.Glu665Asp),http://www.ncbi.nlm.nih.gov/clinvar/variation/18095,variant,GENO:0000840,pathogenic_for_condition,http://purl.obolibrary.org/obo/GENO_0000840,MONDO:0007088,Alzheimer disease type 1,http://purl.obolibrary.org/obo/MONDO_0007088,disease,PMID:8154870
ClinVarVariant:599607,NM_005211.3(CSF1R):c.2671G>C (p.Ala891Pro),http://www.ncbi.nlm.nih.gov/clinvar/variation/599607,variant,GENO:0000841,likely_pathogenic_for_condition,http://purl.obolibrary.org/obo/GENO_0000841,MONDO:0007088,Alzheimer disease type 1,http://purl.obolibrary.org/obo/MONDO_0007088,disease,NA
WormBase:WBGene00006620,svh-1,https://www.wormbase.org/get?name=WBGene00006620,genotype,RO:0003301,has role in modeling,http://purl.obolibrary.org/obo/RO_0003301,MONDO:0007088,Alzheimer disease type 1,http://purl.obolibrary.org/obo/MONDO_0007088,disease,PMID:19029536
HGNC:620,APP,https://www.genenames.org/data/gene-symbol-report/#!/hgnc_id/HGNC:620,gene,RO:0002331,involved_in,http://purl.obolibrary.org/obo/RO_0002331,REACT:R-HSA-416476,G alpha (q) signalling events,http://www.reactome.org/PathwayBrowser/#/R-HSA-416476,pathway,NA
dbSNPIndividual:18319,46;XY/46;X;-Y;+mar/46;XY;t(2;3)(2pter> 2q37::3q21>3qter;3pter>3q21::2q37>2qter) [AG08527],http://www.ncbi.nlm.nih.gov/SNP/snp_ind.cgi?ind_id=18319,genotype,RO:0002200,has phenotype,http://purl.obolibrary.org/obo/RO_0002200,MONDO:0007088,Alzheimer disease type 1,http://purl.obolibrary.org/obo/MONDO_0007088,disease,NA
dbSNPIndividual:20392,45;XY;dic(13;19)(p11.3;q13.4){8}/ 46;XY{92};46;XY [AG08526],http://www.ncbi.nlm.nih.gov/SNP/snp_ind.cgi?ind_id=20392,genotype,RO:0002200,has phenotype,http://purl.obolibrary.org/obo/RO_0002200,MONDO:0007088,Alzheimer disease type 1,http://purl.obolibrary.org/obo/MONDO_0007088,disease,NA
FlyBase:FBal0103093,Appl[sd.UAS],http://flybase.org/reports/FBal0103093,genotype,RO:0003301,has role in modeling,http://purl.obolibrary.org/obo/RO_0003301,MONDO:0007088,Alzheimer disease type 1,http://purl.obolibrary.org/obo/MONDO_0007088,disease,PMID:31354437
ClinVarVariant:18102,NM_000484.4(APP):c.2140A>G (p.Thr714Ala),http://www.ncbi.nlm.nih.gov/clinvar/variation/18102,variant,GENO:0000840,pathogenic_for_condition,http://purl.obolibrary.org/obo/GENO_0000840,MONDO:0007088,Alzheimer disease type 1,http://purl.obolibrary.org/obo/MONDO_0007088,disease,PMID:12034808
dbSNPIndividual:10079,APOE;APOE(CYS112 AND ARG158;CYS112ARG); 45;X{6}/46;XY{86}/46;XY;del(11)(q2?){8};46;XY [AG04402],http://www.ncbi.nlm.nih.gov/SNP/snp_ind.cgi?ind_id=10079,genotype,RO:0002200,has phenotype,http://purl.obolibrary.org/obo/RO_0002200,MONDO:0007088,Alzheimer disease type 1,http://purl.obolibrary.org/obo/MONDO_0007088,disease,NA
dbSNP:rs429358,rs429358-C,http://www.ncbi.nlm.nih.gov/projects/SNP/snp_ref.cgi?rs=rs429358,variant,None,None,None,dbSNPIndividual:10209,APOE(CYS112 AND ARG158); 46;XX [AG10039],http://www.ncbi.nlm.nih.gov/SNP/snp_ind.cgi?ind_id=10209,genotype,NA
HGNC:7876,NOS3,https://www.genenames.org/data/gene-symbol-report/#!/hgnc_id/HGNC:7876,gene,RO:0002434,interacts with,http://purl.obolibrary.org/obo/RO_0002434,HGNC:613,APOE (human),https://www.genenames.org/data/gene-symbol-report/#!/hgnc_id/HGNC:613,gene,PMID:21163940
dbSNPIndividual:10248,APOE;APOE(CYS112 AND ARG158;CYS112ARG); 46;XY [AG11414],http://www.ncbi.nlm.nih.gov/SNP/snp_ind.cgi?ind_id=10248,genotype,RO:0002200,has phenotype,http://purl.obolibrary.org/obo/RO_0002200,MONDO:0007088,Alzheimer disease type 1,http://purl.obolibrary.org/obo/MONDO_0007088,disease,NA
WormBase:WBGene00015841,skpo-2,https://www.wormbase.org/get?name=WBGene00015841,gene,RO:0002434,interacts with,http://purl.obolibrary.org/obo/RO_0002434,WormBase:WBGene00011530,T06D8.10,https://www.wormbase.org/get?name=WBGene00011530,gene,NA
dbSNP:rs429358,rs429358-C,http://www.ncbi.nlm.nih.gov/projects/SNP/snp_ref.cgi?rs=rs429358,variant,GENO:0000408,is_allele_of,http://purl.obolibrary.org/obo/GENO_0000408,HGNC:613,APOE (human),https://www.genenames.org/data/gene-symbol-report/#!/hgnc_id/HGNC:613,gene,NA
HGNC:620,APP,https://www.genenames.org/data/gene-symbol-report/#!/hgnc_id/HGNC:620,gene,RO:0002200,has phenotype,http://purl.obolibrary.org/obo/RO_0002200,HP:0002185,Neurofibrillary tangles,http://purl.obolibrary.org/obo/HP_0002185,phenotype,MONDO:0007088|MONDO:0015140
ClinVarVariant:9,NM_000410.3(HFE):c.845G>A (p.Cys282Tyr),http://www.ncbi.nlm.nih.gov/clinvar/variation/9,variant,GENO:0000840,pathogenic_for_condition,http://purl.obolibrary.org/obo/GENO_0000840,MONDO:0007088,Alzheimer disease type 1,http://purl.obolibrary.org/obo/MONDO_0007088,disease,NA
WormBase:WBGene00016700,C46A5.4,https://www.wormbase.org/get?name=WBGene00016700,gene,RO:0002434,interacts with,http://purl.obolibrary.org/obo/RO_0002434,WormBase:WBGene00008627,hpx-2,https://www.wormbase.org/get?name=WBGene00008627,gene,NA
HGNC:7,A2M,https://www.genenames.org/data/gene-symbol-report/#!/hgnc_id/HGNC:7,gene,RO:0002434,interacts with,http://purl.obolibrary.org/obo/RO_0002434,HGNC:7876,NOS3,https://www.genenames.org/data/gene-symbol-report/#!/hgnc_id/HGNC:7876,gene,PMID:21163940
WormBase:WBGene00019970,R08F11.7,https://www.wormbase.org/get?name=WBGene00019970,gene,RO:0002434,interacts with,http://purl.obolibrary.org/obo/RO_0002434,WormBase:WBGene00009897,skpo-1,https://www.wormbase.org/get?name=WBGene00009897,gene,NA
ClinVarVariant:18089,NM_000484.4(APP):c.2149G>T (p.Val717Phe),http://www.ncbi.nlm.nih.gov/clinvar/variation/18089,variant,GENO:0000840,pathogenic_for_condition,http://purl.obolibrary.org/obo/GENO_0000840,MONDO:0007088,Alzheimer disease type 1,http://purl.obolibrary.org/obo/MONDO_0007088,disease,PMID:7686976|PMID:7845465|PMID:7806491|PMID:11910111|PMID:1925564|PMID:15776278|PMID:10611368
ClinVarVariant:18106,NM_000484.4(APP):c.2018C>T (p.Ala673Val),http://www.ncbi.nlm.nih.gov/clinvar/variation/18106,variant,GENO:0000418,has_affected_feature,http://purl.obolibrary.org/obo/GENO_0000418,HGNC:620,APP,https://www.genenames.org/data/gene-symbol-report/#!/hgnc_id/HGNC:620,gene,NA
ClinVarVariant:599611,NM_002087.3(GRN):c.264+1G>A,http://www.ncbi.nlm.nih.gov/clinvar/variation/599611,variant,GENO:0000841,likely_pathogenic_for_condition,http://purl.obolibrary.org/obo/GENO_0000841,MONDO:0007088,Alzheimer disease type 1,http://purl.obolibrary.org/obo/MONDO_0007088,disease,NA
WormBase:WBGene00022743,mlt-7,https://www.wormbase.org/get?name=WBGene00022743,gene,RO:0002434,interacts with,http://purl.obolibrary.org/obo/RO_0002434,WormBase:WBGene00019613,K10B4.1,https://www.wormbase.org/get?name=WBGene00019613,gene,NA
WormBase:WBGene00000149,apl-1,https://www.wormbase.org/get?name=WBGene00000149,genotype,RO:0003301,has role in modeling,http://purl.obolibrary.org/obo/RO_0003301,MONDO:0007088,Alzheimer disease type 1,http://purl.obolibrary.org/obo/MONDO_0007088,disease,PMID:19029536
WormBase:WBGene00017968,skpo-3,https://www.wormbase.org/get?name=WBGene00017968,gene,RO:0002434,interacts with,http://purl.obolibrary.org/obo/RO_0002434,WormBase:WBGene00016700,C46A5.4,https://www.wormbase.org/get?name=WBGene00016700,gene,NA
WormBase:WBGene00017968,skpo-3,https://www.wormbase.org/get?name=WBGene00017968,gene,RO:0002434,interacts with,http://purl.obolibrary.org/obo/RO_0002434,WormBase:WBGene00008627,hpx-2,https://www.wormbase.org/get?name=WBGene00008627,gene,NA
WormBase:WBGene00011530,T06D8.10,https://www.wormbase.org/get?name=WBGene00011530,gene,RO:0002434,interacts with,http://purl.obolibrary.org/obo/RO_0002434,WormBase:WBGene00017968,skpo-3,https://www.wormbase.org/get?name=WBGene00017968,gene,NA
WormBase:WBGene00011530,T06D8.10,https://www.wormbase.org/get?name=WBGene00011530,gene,RO:0002434,interacts with,http://purl.obolibrary.org/obo/RO_0002434,WormBase:WBGene00016700,C46A5.4,https://www.wormbase.org/get?name=WBGene00016700,gene,NA
WormBase:WBGene00019970,R08F11.7,https://www.wormbase.org/get?name=WBGene00019970,gene,RO:0002434,interacts with,http://purl.obolibrary.org/obo/RO_0002434,WormBase:WBGene00019613,K10B4.1,https://www.wormbase.org/get?name=WBGene00019613,gene,NA
WormBase:WBGene00011530,T06D8.10,https://www.wormbase.org/get?name=WBGene00011530,genotype,RO:0003301,has role in modeling,http://purl.obolibrary.org/obo/RO_0003301,MONDO:0007088,Alzheimer disease type 1,http://purl.obolibrary.org/obo/MONDO_0007088,disease,PMID:19029536
WormBase:WBGene00019613,K10B4.1,https://www.wormbase.org/get?name=WBGene00019613,gene,RO:0002434,interacts with,http://purl.obolibrary.org/obo/RO_0002434,WormBase:WBGene00008627,hpx-2,https://www.wormbase.org/get?name=WBGene00008627,gene,NA
ClinVarVariant:18088,NM_000484.4(APP):c.2149G>A (p.Val717Ile),http://www.ncbi.nlm.nih.gov/clinvar/variation/18088,variant,GENO:0000840,pathogenic_for_condition,http://purl.obolibrary.org/obo/GENO_0000840,MONDO:0007088,Alzheimer disease type 1,http://purl.obolibrary.org/obo/MONDO_0007088,disease,PMID:1679288|PMID:24524897|PMID:1678057|PMID:1678058|PMID:27838006|PMID:24650794|PMID:1520398|PMID:25138979|PMID:19281847|PMID:1671712|PMID:11978821|PMID:1925564|PMID:8886002|PMID:1908231|PMID:15776278|PMID:8290965
FlyBase:FBal0028990,Appl[d],http://flybase.org/reports/FBal0028990,genotype,RO:0003301,has role in modeling,http://purl.obolibrary.org/obo/RO_0003301,MONDO:0007088,Alzheimer disease type 1,http://purl.obolibrary.org/obo/MONDO_0007088,disease,PMID:31354437
HGNC:620,APP,https://www.genenames.org/data/gene-symbol-report/#!/hgnc_id/HGNC:620,gene,RO:0002331,involved_in,http://purl.obolibrary.org/obo/RO_0002331,REACT:R-HSA-8862803,Deregulated CDK5 triggers multiple neurodegenerative pathways in Alzheimer's disease models,http://www.reactome.org/PathwayBrowser/#/R-HSA-8862803,pathway,NA
dbSNPIndividual:10209,APOE(CYS112 AND ARG158); 46;XX [AG10039],http://www.ncbi.nlm.nih.gov/SNP/snp_ind.cgi?ind_id=10209,genotype,RO:0002200,has phenotype,http://purl.obolibrary.org/obo/RO_0002200,MONDO:0007088,Alzheimer disease type 1,http://purl.obolibrary.org/obo/MONDO_0007088,disease,NA
HGNC:620,APP,https://www.genenames.org/data/gene-symbol-report/#!/hgnc_id/HGNC:620,gene,RO:0002331,involved_in,http://purl.obolibrary.org/obo/RO_0002331,REACT:R-HSA-3000178,ECM proteoglycans,http://www.reactome.org/PathwayBrowser/#/R-HSA-3000178,pathway,NA
WormBase:WBGene00011530,T06D8.10,https://www.wormbase.org/get?name=WBGene00011530,gene,RO:0002434,interacts with,http://purl.obolibrary.org/obo/RO_0002434,WormBase:WBGene00015841,skpo-2,https://www.wormbase.org/get?name=WBGene00015841,gene,NA
ClinVarVariant:18094,NM_000484.4(APP):c.2137G>A (p.Ala713Thr),http://www.ncbi.nlm.nih.gov/clinvar/variation/18094,variant,GENO:0000840,pathogenic_for_condition,http://purl.obolibrary.org/obo/GENO_0000840,MONDO:0007088,Alzheimer disease type 1,http://purl.obolibrary.org/obo/MONDO_0007088,disease,PMID:8499923|PMID:15365148
ClinVarVariant:18091,NM_000484.4(APP):c.2075C>G (p.Ala692Gly),http://www.ncbi.nlm.nih.gov/clinvar/variation/18091,variant,GENO:0000418,has_affected_feature,http://purl.obolibrary.org/obo/GENO_0000418,HGNC:620,APP,https://www.genenames.org/data/gene-symbol-report/#!/hgnc_id/HGNC:620,gene,NA
dbSNPIndividual:10205,APOE(CYS112 AND ARG158); 46;XX [AG09955],http://www.ncbi.nlm.nih.gov/SNP/snp_ind.cgi?ind_id=10205,genotype,RO:0002200,has phenotype,http://purl.obolibrary.org/obo/RO_0002200,MONDO:0007088,Alzheimer disease type 1,http://purl.obolibrary.org/obo/MONDO_0007088,disease,NA
dbSNPIndividual:10265,APOE(CYS112ARG); 46;XY [AG11758],http://www.ncbi.nlm.nih.gov/SNP/snp_ind.cgi?ind_id=10265,genotype,RO:0002200,has phenotype,http://purl.obolibrary.org/obo/RO_0002200,MONDO:0007088,Alzheimer disease type 1,http://purl.obolibrary.org/obo/MONDO_0007088,disease,NA
HGNC:613,APOE (human),https://www.genenames.org/data/gene-symbol-report/#!/hgnc_id/HGNC:613,gene,RO:0002200,has phenotype,http://purl.obolibrary.org/obo/RO_0002200,HP:0000726,Dementia,http://purl.obolibrary.org/obo/HP_0000726,phenotype,MONDO:0007089|MONDO:0007088
ClinVarVariant:18106,NM_000484.4(APP):c.2018C>T (p.Ala673Val),http://www.ncbi.nlm.nih.gov/clinvar/variation/18106,variant,GENO:0000840,pathogenic_for_condition,http://purl.obolibrary.org/obo/GENO_0000840,MONDO:0007088,Alzheimer disease type 1,http://purl.obolibrary.org/obo/MONDO_0007088,disease,PMID:11735772|PMID:19286555
HGNC:620,APP,https://www.genenames.org/data/gene-symbol-report/#!/hgnc_id/HGNC:620,gene,RO:0002331,involved_in,http://purl.obolibrary.org/obo/RO_0002331,REACT:R-HSA-418594,G alpha (i) signalling events,http://www.reactome.org/PathwayBrowser/#/R-HSA-418594,pathway,NA
ClinVarVariant:18101,NM_000484.4(APP):c.2080G>A (p.Asp694Asn),http://www.ncbi.nlm.nih.gov/clinvar/variation/18101,variant,GENO:0000840,pathogenic_for_condition,http://purl.obolibrary.org/obo/GENO_0000840,MONDO:0007088,Alzheimer disease type 1,http://purl.obolibrary.org/obo/MONDO_0007088,disease,PMID:27858710|PMID:11441013|PMID:20228223|PMID:27000221|PMID:28350801|PMID:26104569|PMID:24878480|PMID:26402770
WormBase:WBGene00011530,T06D8.10,https://www.wormbase.org/get?name=WBGene00011530,gene,RO:0002434,interacts with,http://purl.obolibrary.org/obo/RO_0002434,WormBase:WBGene00019613,K10B4.1,https://www.wormbase.org/get?name=WBGene00019613,gene,NA
WormBase:WBGene00015841,skpo-2,https://www.wormbase.org/get?name=WBGene00015841,gene,RO:0002434,interacts with,http://purl.obolibrary.org/obo/RO_0002434,WormBase:WBGene00009897,skpo-1,https://www.wormbase.org/get?name=WBGene00009897,gene,NA
HGNC:7,A2M,https://www.genenames.org/data/gene-symbol-report/#!/hgnc_id/HGNC:7,gene,RO:0002331,involved_in,http://purl.obolibrary.org/obo/RO_0002331,REACT:R-HSA-114608,Platelet degranulation,http://www.reactome.org/PathwayBrowser/#/R-HSA-114608,pathway,NA
HGNC:7,A2M,https://www.genenames.org/data/gene-symbol-report/#!/hgnc_id/HGNC:7,gene,RO:HOM0000017,in orthology relationship with,http://purl.obolibrary.org/obo/RO_HOM0000017,WormBase:WBGene00008735,F13D2.1,https://www.wormbase.org/get?name=WBGene00008735,gene,NA
dbSNPIndividual:10226,APOE(CYS112ARG) [AG10984],http://www.ncbi.nlm.nih.gov/SNP/snp_ind.cgi?ind_id=10226,genotype,RO:0002200,has phenotype,http://purl.obolibrary.org/obo/RO_0002200,MONDO:0007088,Alzheimer disease type 1,http://purl.obolibrary.org/obo/MONDO_0007088,disease,NA
dbSNPIndividual:10204,APOE(CYS112ARG); 45;X[2]/46;XY[48];46;XY [AG09952],http://www.ncbi.nlm.nih.gov/SNP/snp_ind.cgi?ind_id=10204,genotype,RO:0002200,has phenotype,http://purl.obolibrary.org/obo/RO_0002200,MONDO:0007088,Alzheimer disease type 1,http://purl.obolibrary.org/obo/MONDO_0007088,disease,NA
HGNC:7218,MPO (human),https://www.genenames.org/data/gene-symbol-report/#!/hgnc_id/HGNC:7218,gene,RO:HOM0000017,in orthology relationship with,http://purl.obolibrary.org/obo/RO_HOM0000017,WormBase:WBGene00004256,pxn-1,https://www.wormbase.org/get?name=WBGene00004256,gene,NA
HGNC:613,APOE (human),https://www.genenames.org/data/gene-symbol-report/#!/hgnc_id/HGNC:613,gene,RO:0002200,has phenotype,http://purl.obolibrary.org/obo/RO_0002200,HP:0002423,Long-tract signs,http://purl.obolibrary.org/obo/HP_0002423,phenotype,MONDO:0007089|MONDO:0007088
dbSNPIndividual:10102,APOE(CYS112ARG); 46;XX [AG05810],http://www.ncbi.nlm.nih.gov/SNP/snp_ind.cgi?ind_id=10102,genotype,None,None,None,HGNC:613,APOE (human),https://www.genenames.org/data/gene-symbol-report/#!/hgnc_id/HGNC:613,gene,NA
dbSNPIndividual:10224,APOE(CYS112ARG) [AG10956],http://www.ncbi.nlm.nih.gov/SNP/snp_ind.cgi?ind_id=10224,genotype,None,None,None,HGNC:613,APOE (human),https://www.genenames.org/data/gene-symbol-report/#!/hgnc_id/HGNC:613,gene,NA
WormBase:WBGene00015841,skpo-2,https://www.wormbase.org/get?name=WBGene00015841,gene,RO:0002434,interacts with,http://purl.obolibrary.org/obo/RO_0002434,WormBase:WBGene00022743,mlt-7,https://www.wormbase.org/get?name=WBGene00022743,gene,NA
ClinVarVariant:18100,NM_000484.4(APP):c.2141C>T (p.Thr714Ile),http://www.ncbi.nlm.nih.gov/clinvar/variation/18100,variant,GENO:0000840,pathogenic_for_condition,http://purl.obolibrary.org/obo/GENO_0000840,MONDO:0007088,Alzheimer disease type 1,http://purl.obolibrary.org/obo/MONDO_0007088,disease,PMID:15668448|PMID:11063718
WormBase:WBGene00009897,skpo-1,https://www.wormbase.org/get?name=WBGene00009897,gene,RO:0002434,interacts with,http://purl.obolibrary.org/obo/RO_0002434,WormBase:WBGene00019970,R08F11.7,https://www.wormbase.org/get?name=WBGene00019970,gene,NA
MONDO:0007088,Alzheimer disease type 1,http://purl.obolibrary.org/obo/MONDO_0007088,disease,RO:0002331,involved_in,http://purl.obolibrary.org/obo/RO_0002331,REACT:R-HSA-418594,G alpha (i) signalling events,http://www.reactome.org/PathwayBrowser/#/R-HSA-418594,pathway,NA
WormBase:WBGene00008627,hpx-2,https://www.wormbase.org/get?name=WBGene00008627,gene,RO:0002434,interacts with,http://purl.obolibrary.org/obo/RO_0002434,WormBase:WBGene00019613,K10B4.1,https://www.wormbase.org/get?name=WBGene00019613,gene,NA
ClinVarVariant:599627,NM_000021.4(PSEN1):c.424G>A (p.Val142Ile),http://www.ncbi.nlm.nih.gov/clinvar/variation/599627,variant,GENO:0000840,pathogenic_for_condition,http://purl.obolibrary.org/obo/GENO_0000840,MONDO:0007088,Alzheimer disease type 1,http://purl.obolibrary.org/obo/MONDO_0007088,disease,NA
HGNC:7,A2M,https://www.genenames.org/data/gene-symbol-report/#!/hgnc_id/HGNC:7,gene,RO:HOM0000017,in orthology relationship with,http://purl.obolibrary.org/obo/RO_HOM0000017,WormBase:WBGene00013969,tep-1,https://www.wormbase.org/get?name=WBGene00013969,gene,NA
dbSNPIndividual:10165,46;XX/47;XX;+7 [AG08110],http://www.ncbi.nlm.nih.gov/SNP/snp_ind.cgi?ind_id=10165,genotype,RO:0002200,has phenotype,http://purl.obolibrary.org/obo/RO_0002200,MONDO:0007088,Alzheimer disease type 1,http://purl.obolibrary.org/obo/MONDO_0007088,disease,NA
dbSNP:rs429358,rs429358-C,http://www.ncbi.nlm.nih.gov/projects/SNP/snp_ref.cgi?rs=rs429358,variant,None,None,None,dbSNPIndividual:10167,APOE(CYS112 AND ARG158); 46;XY [AG08242],http://www.ncbi.nlm.nih.gov/SNP/snp_ind.cgi?ind_id=10167,genotype,NA
HGNC:7,A2M,https://www.genenames.org/data/gene-symbol-report/#!/hgnc_id/HGNC:7,gene,RO:0002326,contributes to,http://purl.obolibrary.org/obo/RO_0002326,MONDO:0007088,Alzheimer disease type 1,http://purl.obolibrary.org/obo/MONDO_0007088,disease,NA
ClinVarVariant:17864,NM_000041.4(APOE):c.388T>C (p.Cys130Arg),http://www.ncbi.nlm.nih.gov/clinvar/variation/17864,variant,GENO:0000840,pathogenic_for_condition,http://purl.obolibrary.org/obo/GENO_0000840,MONDO:0007088,Alzheimer disease type 1,http://purl.obolibrary.org/obo/MONDO_0007088,disease,NA
ClinVarVariant:10,NM_139011.3(HFE):c.77-2168C>G,http://www.ncbi.nlm.nih.gov/clinvar/variation/10,variant,GENO:0000418,has_affected_feature,http://purl.obolibrary.org/obo/GENO_0000418,HGNC:4886,HFE,https://www.genenames.org/data/gene-symbol-report/#!/hgnc_id/HGNC:4886,gene,NA
WormBase:WBGene00015841,skpo-2,https://www.wormbase.org/get?name=WBGene00015841,gene,RO:0002434,interacts with,http://purl.obolibrary.org/obo/RO_0002434,WormBase:WBGene00017968,skpo-3,https://www.wormbase.org/get?name=WBGene00017968,gene,NA
dbSNP:rs7412,rs7412-?,http://www.ncbi.nlm.nih.gov/projects/SNP/snp_ref.cgi?rs=rs7412,variant,None,None,None,dbSNPIndividual:10276,APOE;APOE(ARG158CYS;CYS112 AND ARG158); 46;XY [AG12729],http://www.ncbi.nlm.nih.gov/SNP/snp_ind.cgi?ind_id=10276,genotype,NA
ClinVarVariant:127268,NC_000021.7:g.13636378_28138533dup,http://www.ncbi.nlm.nih.gov/clinvar/variation/127268,variant,GENO:0000840,pathogenic_for_condition,http://purl.obolibrary.org/obo/GENO_0000840,MONDO:0007088,Alzheimer disease type 1,http://purl.obolibrary.org/obo/MONDO_0007088,disease,PMID:16369530|PMID:16921174|PMID:24691562
WormBase:WBGene00016700,C46A5.4,https://www.wormbase.org/get?name=WBGene00016700,gene,RO:0002434,interacts with,http://purl.obolibrary.org/obo/RO_0002434,WormBase:WBGene00022743,mlt-7,https://www.wormbase.org/get?name=WBGene00022743,gene,NA
dbSNPIndividual:10200,APOE(CYS112ARG); 46;XX [AG09714],http://www.ncbi.nlm.nih.gov/SNP/snp_ind.cgi?ind_id=10200,genotype,RO:0002200,has phenotype,http://purl.obolibrary.org/obo/RO_0002200,MONDO:0007088,Alzheimer disease type 1,http://purl.obolibrary.org/obo/MONDO_0007088,disease,NA
MONDO:0007088,Alzheimer disease type 1,http://purl.obolibrary.org/obo/MONDO_0007088,disease,RO:0002331,involved_in,http://purl.obolibrary.org/obo/RO_0002331,REACT:R-HSA-977225,Amyloid fiber formation,http://www.reactome.org/PathwayBrowser/#/R-HSA-977225,pathway,NA
WormBase:WBGene00022743,mlt-7,https://www.wormbase.org/get?name=WBGene00022743,gene,RO:0002434,interacts with,http://purl.obolibrary.org/obo/RO_0002434,WormBase:WBGene00008627,hpx-2,https://www.wormbase.org/get?name=WBGene00008627,gene,NA
WormBase:WBGene00009897,skpo-1,https://www.wormbase.org/get?name=WBGene00009897,gene,RO:0002434,interacts with,http://purl.obolibrary.org/obo/RO_0002434,WormBase:WBGene00022743,mlt-7,https://www.wormbase.org/get?name=WBGene00022743,gene,NA
dbSNPIndividual:20692,46;XX;46;XX;der(18)(18pter>18q23::11q13>11qter)[2]/46;XX[48] [AG06264],http://www.ncbi.nlm.nih.gov/SNP/snp_ind.cgi?ind_id=20692,genotype,RO:0002200,has phenotype,http://purl.obolibrary.org/obo/RO_0002200,MONDO:0007088,Alzheimer disease type 1,http://purl.obolibrary.org/obo/MONDO_0007088,disease,NA
ClinVarVariant:599625,NM_000021.4(PSEN1):c.1297C>T (p.Pro433Ser),http://www.ncbi.nlm.nih.gov/clinvar/variation/599625,variant,GENO:0000841,likely_pathogenic_for_condition,http://purl.obolibrary.org/obo/GENO_0000841,MONDO:0007088,Alzheimer disease type 1,http://purl.obolibrary.org/obo/MONDO_0007088,disease,NA
HGNC:613,APOE (human),https://www.genenames.org/data/gene-symbol-report/#!/hgnc_id/HGNC:613,gene,RO:0002200,has phenotype,http://purl.obolibrary.org/obo/RO_0002200,HP:0410054,Decreased level of GABA in serum,http://purl.obolibrary.org/obo/HP_0410054,phenotype,PMID:17031479
dbSNPIndividual:10191,APOE(CYS112 AND ARG158); 46;XX [AG08744],http://www.ncbi.nlm.nih.gov/SNP/snp_ind.cgi?ind_id=10191,genotype,RO:0002200,has phenotype,http://purl.obolibrary.org/obo/RO_0002200,MONDO:0007088,Alzheimer disease type 1,http://purl.obolibrary.org/obo/MONDO_0007088,disease,NA
WormBase:WBGene00022743,mlt-7,https://www.wormbase.org/get?name=WBGene00022743,gene,RO:HOM0000017,in orthology relationship with,http://purl.obolibrary.org/obo/RO_HOM0000017,HGNC:7218,MPO (human),https://www.genenames.org/data/gene-symbol-report/#!/hgnc_id/HGNC:7218,gene,NA
WormBase:WBGene00008627,hpx-2,https://www.wormbase.org/get?name=WBGene00008627,gene,RO:0002434,interacts with,http://purl.obolibrary.org/obo/RO_0002434,WormBase:WBGene00011530,T06D8.10,https://www.wormbase.org/get?name=WBGene00011530,gene,NA
dbSNPIndividual:10101,46;XX/47;XX;+21/47;XX;+21;t(4;17)(4pter> 4q29::17q25>17qter;17pter>17q25::4q29> 4qter);46;XX{56}/47;XX;+21{44} [AG05809],http://www.ncbi.nlm.nih.gov/SNP/snp_ind.cgi?ind_id=10101,genotype,RO:0002200,has phenotype,http://purl.obolibrary.org/obo/RO_0002200,MONDO:0007088,Alzheimer disease type 1,http://purl.obolibrary.org/obo/MONDO_0007088,disease,NA
WormBase:WBGene00019613,K10B4.1,https://www.wormbase.org/get?name=WBGene00019613,gene,RO:0002434,interacts with,http://purl.obolibrary.org/obo/RO_0002434,WormBase:WBGene00019970,R08F11.7,https://www.wormbase.org/get?name=WBGene00019970,gene,NA
HGNC:620,APP,https://www.genenames.org/data/gene-symbol-report/#!/hgnc_id/HGNC:620,gene,RO:0002331,involved_in,http://purl.obolibrary.org/obo/RO_0002331,REACT:R-HSA-114608,Platelet degranulation,http://www.reactome.org/PathwayBrowser/#/R-HSA-114608,pathway,NA
ClinVarVariant:599624,NM_000021.4(PSEN1):c.510_511insTAT (p.Leu171_Leu172insTyr),http://www.ncbi.nlm.nih.gov/clinvar/variation/599624,variant,GENO:0000841,likely_pathogenic_for_condition,http://purl.obolibrary.org/obo/GENO_0000841,MONDO:0007088,Alzheimer disease type 1,http://purl.obolibrary.org/obo/MONDO_0007088,disease,NA
WormBase:WBGene00016700,C46A5.4,https://www.wormbase.org/get?name=WBGene00016700,gene,RO:0002434,interacts with,http://purl.obolibrary.org/obo/RO_0002434,WormBase:WBGene00015841,skpo-2,https://www.wormbase.org/get?name=WBGene00015841,gene,NA
WormBase:WBGene00004256,pxn-1,https://www.wormbase.org/get?name=WBGene00004256,genotype,RO:0003301,has role in modeling,http://purl.obolibrary.org/obo/RO_0003301,MONDO:0007088,Alzheimer disease type 1,http://purl.obolibrary.org/obo/MONDO_0007088,disease,PMID:19029536
WormBase:WBGene00009897,skpo-1,https://www.wormbase.org/get?name=WBGene00009897,gene,RO:0002434,interacts with,http://purl.obolibrary.org/obo/RO_0002434,WormBase:WBGene00011530,T06D8.10,https://www.wormbase.org/get?name=WBGene00011530,gene,NA
WormBase:WBGene00017968,skpo-3,https://www.wormbase.org/get?name=WBGene00017968,gene,RO:0002434,interacts with,http://purl.obolibrary.org/obo/RO_0002434,WormBase:WBGene00019970,R08F11.7,https://www.wormbase.org/get?name=WBGene00019970,gene,NA
REACT:R-HSA-114608,Platelet degranulation,http://www.reactome.org/PathwayBrowser/#/R-HSA-114608,publication,dc:source,source,http://purl.org/dc/terms/source,HGNC:7,A2M,https://www.genenames.org/data/gene-symbol-report/#!/hgnc_id/HGNC:7,gene,REACT:R-HSA-114608
HGNC:7218,MPO (human),https://www.genenames.org/data/gene-symbol-report/#!/hgnc_id/HGNC:7218,gene,RO:HOM0000017,in orthology relationship with,http://purl.obolibrary.org/obo/RO_HOM0000017,WormBase:WBGene00017968,skpo-3,https://www.wormbase.org/get?name=WBGene00017968,gene,NA
WormBase:WBGene00019613,K10B4.1,https://www.wormbase.org/get?name=WBGene00019613,gene,RO:0002434,interacts with,http://purl.obolibrary.org/obo/RO_0002434,WormBase:WBGene00022743,mlt-7,https://www.wormbase.org/get?name=WBGene00022743,gene,NA
dbSNPIndividual:13855,45;X/46;XY [AG07374],http://www.ncbi.nlm.nih.gov/SNP/snp_ind.cgi?ind_id=13855,genotype,RO:0002200,has phenotype,http://purl.obolibrary.org/obo/RO_0002200,MONDO:0007088,Alzheimer disease type 1,http://purl.obolibrary.org/obo/MONDO_0007088,disease,NA
dbSNPIndividual:10264,APOE;APOE(CYS112 AND ARG158;CYS112ARG); 46;XX [AG11757],http://www.ncbi.nlm.nih.gov/SNP/snp_ind.cgi?ind_id=10264,genotype,RO:0002200,has phenotype,http://purl.obolibrary.org/obo/RO_0002200,MONDO:0007088,Alzheimer disease type 1,http://purl.obolibrary.org/obo/MONDO_0007088,disease,NA
HGNC:613,APOE (human),https://www.genenames.org/data/gene-symbol-report/#!/hgnc_id/HGNC:613,gene,RO:0002200,has phenotype,http://purl.obolibrary.org/obo/RO_0002200,HP:0001300,Parkinsonism,http://purl.obolibrary.org/obo/HP_0001300,phenotype,MONDO:0007089|MONDO:0007088
WormBase:WBGene00022743,mlt-7,https://www.wormbase.org/get?name=WBGene00022743,gene,RO:0002434,interacts with,http://purl.obolibrary.org/obo/RO_0002434,WormBase:WBGene00019970,R08F11.7,https://www.wormbase.org/get?name=WBGene00019970,gene,NA
HGNC:7,A2M,https://www.genenames.org/data/gene-symbol-report/#!/hgnc_id/HGNC:7,gene,RO:0002434,interacts with,http://purl.obolibrary.org/obo/RO_0002434,HGNC:620,APP,https://www.genenames.org/data/gene-symbol-report/#!/hgnc_id/HGNC:620,gene,PMID:21163940
WormBase:WBGene00015841,skpo-2,https://www.wormbase.org/get?name=WBGene00015841,gene,RO:HOM0000017,in orthology relationship with,http://purl.obolibrary.org/obo/RO_HOM0000017,HGNC:7218,MPO (human),https://www.genenames.org/data/gene-symbol-report/#!/hgnc_id/HGNC:7218,gene,NA
dbSNP:rs429358,rs429358-C,http://www.ncbi.nlm.nih.gov/projects/SNP/snp_ref.cgi?rs=rs429358,variant,None,None,None,dbSNPIndividual:10276,APOE;APOE(ARG158CYS;CYS112 AND ARG158); 46;XY [AG12729],http://www.ncbi.nlm.nih.gov/SNP/snp_ind.cgi?ind_id=10276,genotype,NA
HGNC:620,APP,https://www.genenames.org/data/gene-symbol-report/#!/hgnc_id/HGNC:620,gene,RO:0002331,involved_in,http://purl.obolibrary.org/obo/RO_0002331,REACT:R-HSA-445989,TAK1 activates NFkB by phosphorylation and activation of IKKs complex,http://www.reactome.org/PathwayBrowser/#/R-HSA-445989,pathway,NA
WormBase:WBGene00008735,F13D2.1,https://www.wormbase.org/get?name=WBGene00008735,genotype,RO:0003301,has role in modeling,http://purl.obolibrary.org/obo/RO_0003301,MONDO:0007088,Alzheimer disease type 1,http://purl.obolibrary.org/obo/MONDO_0007088,disease,PMID:19029536
HGNC:7218,MPO (human),https://www.genenames.org/data/gene-symbol-report/#!/hgnc_id/HGNC:7218,gene,RO:HOM0000017,in orthology relationship with,http://purl.obolibrary.org/obo/RO_HOM0000017,WormBase:WBGene00022743,mlt-7,https://www.wormbase.org/get?name=WBGene00022743,gene,NA
MONDO:0007088,Alzheimer disease type 1,http://purl.obolibrary.org/obo/MONDO_0007088,disease,RO:0002200,has phenotype,http://purl.obolibrary.org/obo/RO_0002200,HP:0410054,Decreased level of GABA in serum,http://purl.obolibrary.org/obo/HP_0410054,phenotype,PMID:17031479
ClinVarVariant:18097,NM_000484.4(APP):c.2143G>A (p.Val715Met),http://www.ncbi.nlm.nih.gov/clinvar/variation/18097,variant,GENO:0000840,pathogenic_for_condition,http://purl.obolibrary.org/obo/GENO_0000840,MONDO:0007088,Alzheimer disease type 1,http://purl.obolibrary.org/obo/MONDO_0007088,disease,PMID:10097173|PMID:10441572
dbSNPIndividual:10226,APOE(CYS112ARG) [AG10984],http://www.ncbi.nlm.nih.gov/SNP/snp_ind.cgi?ind_id=10226,genotype,None,None,None,HGNC:613,APOE (human),https://www.genenames.org/data/gene-symbol-report/#!/hgnc_id/HGNC:613,gene,NA
HGNC:613,APOE (human),https://www.genenames.org/data/gene-symbol-report/#!/hgnc_id/HGNC:613,gene,RO:0002200,has phenotype,http://purl.obolibrary.org/obo/RO_0002200,HP:0002511,Alzheimer disease,http://purl.obolibrary.org/obo/HP_0002511,phenotype,MONDO:0008608|MONDO:0007089|MONDO:0007088
WormBase:WBGene00008627,hpx-2,https://www.wormbase.org/get?name=WBGene00008627,gene,RO:0002434,interacts with,http://purl.obolibrary.org/obo/RO_0002434,WormBase:WBGene00016700,C46A5.4,https://www.wormbase.org/get?name=WBGene00016700,gene,NA
WormBase:WBGene00019970,R08F11.7,https://www.wormbase.org/get?name=WBGene00019970,gene,RO:0002434,interacts with,http://purl.obolibrary.org/obo/RO_0002434,WormBase:WBGene00022743,mlt-7,https://www.wormbase.org/get?name=WBGene00022743,gene,NA
dbSNPIndividual:13878,46;XX/46;XX;t(1;7)(1pter>1q25::7p15> 7pter;7qter>7p15::1q25>1qter) [AG04400],http://www.ncbi.nlm.nih.gov/SNP/snp_ind.cgi?ind_id=13878,genotype,RO:0002200,has phenotype,http://purl.obolibrary.org/obo/RO_0002200,MONDO:0007088,Alzheimer disease type 1,http://purl.obolibrary.org/obo/MONDO_0007088,disease,NA
dbSNPIndividual:10277,APOE;APOE(CYS112 AND ARG158;CYS112ARG); 45;X/46;XX [AG12731],http://www.ncbi.nlm.nih.gov/SNP/snp_ind.cgi?ind_id=10277,genotype,RO:0002200,has phenotype,http://purl.obolibrary.org/obo/RO_0002200,MONDO:0007088,Alzheimer disease type 1,http://purl.obolibrary.org/obo/MONDO_0007088,disease,NA
WormBase:WBGene00009897,skpo-1,https://www.wormbase.org/get?name=WBGene00009897,gene,RO:0002434,interacts with,http://purl.obolibrary.org/obo/RO_0002434,WormBase:WBGene00016700,C46A5.4,https://www.wormbase.org/get?name=WBGene00016700,gene,NA
HGNC:613,APOE (human),https://www.genenames.org/data/gene-symbol-report/#!/hgnc_id/HGNC:613,gene,RO:0002331,involved_in,http://purl.obolibrary.org/obo/RO_0002331,REACT:R-HSA-8957275,Post-translational protein phosphorylation,http://www.reactome.org/PathwayBrowser/#/R-HSA-8957275,pathway,NA
MONDO:0007088,Alzheimer disease type 1,http://purl.obolibrary.org/obo/MONDO_0007088,disease,RO:0002331,involved_in,http://purl.obolibrary.org/obo/RO_0002331,REACT:R-HSA-844456,The NLRP3 inflammasome,http://www.reactome.org/PathwayBrowser/#/R-HSA-844456,pathway,NA
dbSNP:rs429358,rs429358-C,http://www.ncbi.nlm.nih.gov/projects/SNP/snp_ref.cgi?rs=rs429358,variant,None,None,None,dbSNPIndividual:10208,APOE(CYS112 AND ARG158); 46;XX [AG10009],http://www.ncbi.nlm.nih.gov/SNP/snp_ind.cgi?ind_id=10208,genotype,NA
WormBase:WBGene00017968,skpo-3,https://www.wormbase.org/get?name=WBGene00017968,gene,RO:0002434,interacts with,http://purl.obolibrary.org/obo/RO_0002434,WormBase:WBGene00015841,skpo-2,https://www.wormbase.org/get?name=WBGene00015841,gene,NA
dbSNP:rs429358,rs429358-C,http://www.ncbi.nlm.nih.gov/projects/SNP/snp_ref.cgi?rs=rs429358,variant,None,None,None,dbSNPIndividual:10226,APOE(CYS112ARG) [AG10984],http://www.ncbi.nlm.nih.gov/SNP/snp_ind.cgi?ind_id=10226,genotype,NA
dbSNPIndividual:10191,APOE(CYS112 AND ARG158); 46;XX [AG08744],http://www.ncbi.nlm.nih.gov/SNP/snp_ind.cgi?ind_id=10191,genotype,None,None,None,HGNC:613,APOE (human),https://www.genenames.org/data/gene-symbol-report/#!/hgnc_id/HGNC:613,gene,NA
dbSNP:rs429358,rs429358-C,http://www.ncbi.nlm.nih.gov/projects/SNP/snp_ref.cgi?rs=rs429358,variant,None,None,None,dbSNPIndividual:10262,APOE;APOE(CYS112 AND ARG158;CYS112ARG); 46;XX [AG11755],http://www.ncbi.nlm.nih.gov/SNP/snp_ind.cgi?ind_id=10262,genotype,NA
ClinVarVariant:18093,NM_000484.4(APP):c.2010_2011inv (p.Lys670_Met671delinsAsnLeu),http://www.ncbi.nlm.nih.gov/clinvar/variation/18093,variant,GENO:0000418,has_affected_feature,http://purl.obolibrary.org/obo/GENO_0000418,HGNC:620,APP,https://www.genenames.org/data/gene-symbol-report/#!/hgnc_id/HGNC:620,gene,NA
ClinVarVariant:599620,NM_005910.5(MAPT):c.1084C>T (p.His362Tyr),http://www.ncbi.nlm.nih.gov/clinvar/variation/599620,variant,GENO:0000841,likely_pathogenic_for_condition,http://purl.obolibrary.org/obo/GENO_0000841,MONDO:0007088,Alzheimer disease type 1,http://purl.obolibrary.org/obo/MONDO_0007088,disease,NA
WormBase:WBGene00019613,K10B4.1,https://www.wormbase.org/get?name=WBGene00019613,genotype,RO:0003301,has role in modeling,http://purl.obolibrary.org/obo/RO_0003301,MONDO:0007088,Alzheimer disease type 1,http://purl.obolibrary.org/obo/MONDO_0007088,disease,PMID:19029536
dbSNPIndividual:10168,46;XY;46;XY{94}/47;XY;+mar{6} [AG08243],http://www.ncbi.nlm.nih.gov/SNP/snp_ind.cgi?ind_id=10168,genotype,RO:0002200,has phenotype,http://purl.obolibrary.org/obo/RO_0002200,MONDO:0007088,Alzheimer disease type 1,http://purl.obolibrary.org/obo/MONDO_0007088,disease,NA
WormBase:WBGene00017968,skpo-3,https://www.wormbase.org/get?name=WBGene00017968,gene,RO:0002434,interacts with,http://purl.obolibrary.org/obo/RO_0002434,WormBase:WBGene00019613,K10B4.1,https://www.wormbase.org/get?name=WBGene00019613,gene,NA
dbSNPIndividual:10102,APOE(CYS112ARG); 46;XX [AG05810],http://www.ncbi.nlm.nih.gov/SNP/snp_ind.cgi?ind_id=10102,genotype,RO:0002200,has phenotype,http://purl.obolibrary.org/obo/RO_0002200,MONDO:0007088,Alzheimer disease type 1,http://purl.obolibrary.org/obo/MONDO_0007088,disease,NA
ClinVarVariant:599623,NM_000021.4(PSEN1):c.665A>C (p.Gln222Pro),http://www.ncbi.nlm.nih.gov/clinvar/variation/599623,variant,GENO:0000841,likely_pathogenic_for_condition,http://purl.obolibrary.org/obo/GENO_0000841,MONDO:0007088,Alzheimer disease type 1,http://purl.obolibrary.org/obo/MONDO_0007088,disease,NA
dbSNPIndividual:10172,46;XY;46;XY[23].arr(1-22)x2;(X;Y)x1 [AG08259],http://www.ncbi.nlm.nih.gov/SNP/snp_ind.cgi?ind_id=10172,genotype,RO:0002200,has phenotype,http://purl.obolibrary.org/obo/RO_0002200,MONDO:0007088,Alzheimer disease type 1,http://purl.obolibrary.org/obo/MONDO_0007088,disease,NA
FlyBase:FBal0198740,Appl[GD3170],http://flybase.org/reports/FBal0198740,genotype,RO:0003301,has role in modeling,http://purl.obolibrary.org/obo/RO_0003301,MONDO:0007088,Alzheimer disease type 1,http://purl.obolibrary.org/obo/MONDO_0007088,disease,PMID:31965876
dbSNP:rs429358,rs429358-C,http://www.ncbi.nlm.nih.gov/projects/SNP/snp_ref.cgi?rs=rs429358,variant,None,None,None,dbSNPIndividual:10200,APOE(CYS112ARG); 46;XX [AG09714],http://www.ncbi.nlm.nih.gov/SNP/snp_ind.cgi?ind_id=10200,genotype,NA
dbSNPIndividual:10221,APOE;APOE(CYS112 AND ARG158;CYS112ARG); 46;XX [AG10891],http://www.ncbi.nlm.nih.gov/SNP/snp_ind.cgi?ind_id=10221,genotype,RO:0002200,has phenotype,http://purl.obolibrary.org/obo/RO_0002200,MONDO:0007088,Alzheimer disease type 1,http://purl.obolibrary.org/obo/MONDO_0007088,disease,NA
WormBase:WBGene00019970,R08F11.7,https://www.wormbase.org/get?name=WBGene00019970,gene,RO:0002434,interacts with,http://purl.obolibrary.org/obo/RO_0002434,WormBase:WBGene00008627,hpx-2,https://www.wormbase.org/get?name=WBGene00008627,gene,NA
WormBase:WBGene00016700,C46A5.4,https://www.wormbase.org/get?name=WBGene00016700,gene,RO:0002434,interacts with,http://purl.obolibrary.org/obo/RO_0002434,WormBase:WBGene00011530,T06D8.10,https://www.wormbase.org/get?name=WBGene00011530,gene,NA
HGNC:613,APOE (human),https://www.genenames.org/data/gene-symbol-report/#!/hgnc_id/HGNC:613,gene,RO:0002434,interacts with,http://purl.obolibrary.org/obo/RO_0002434,HGNC:7876,NOS3,https://www.genenames.org/data/gene-symbol-report/#!/hgnc_id/HGNC:7876,gene,PMID:21163940
